rank,story_id,title_internal,bounded_moment,audience,topics,service_actions,score,source_media_id,source_permalink,privacy_state,proof_ceiling,packet_state
1,JEN-STORY-3649149840022995324,"Navigating a competitive market and tight inventory wasn’t easy, but we stayed patient, strategic, a","Navigating a competitive market and tight inventory wasn’t easy, but we stayed patient, strategic, and ready—and when this beauty hit the market, we acted fast and smart. we secured the home at almost $100K below list price and the keys to what will now be their dream home. 🔑🏠

Helping buyers 🏡🎉 JUST SOLD!",BUYER; SELLER,client move stories,PROTECTED,87,3649149840022995324,https://www.instagram.com/p/DKkYnIKvoF8/,NEEDS_JEN_APPROVAL,EXPERIENCE,DEEP
2,JEN-STORY-3491992339055886166,She didn’t want to sell it just yet so we helped her find a tenant to lease it out for a year. We he,She didn’t want to sell it just yet so we helped her find a tenant to lease it out for a year. We helped our client buy this unit as her first home early in 2022. 🏡🎉 JUST SOLD!,BUYER; SELLER,life transitions around home,,80,3491992339055886166,https://www.instagram.com/p/DB2DIfvz79W/,NEEDS_JEN_APPROVAL,EXPERIENCE,DEEP
3,JEN-STORY-3450723122457326635,"I talked to Danielle and Walter about the home buying process last year, but we didn’t get started o","I talked to Danielle and Walter about the home buying process last year, but we didn’t get started on anything until they found out they were expecting baby #2 this year. We quickly got a home in escrow, but we found a lot of problems during the inspection so it fell through. 🏡🎉 JUST SOLD!",BUYER; SELLER,decision clarity,,80,3450723122457326635,https://www.instagram.com/p/C_jbmWsS7Qr/,NEEDS_JEN_APPROVAL,EXPERIENCE,DEEP
4,JEN-STORY-2040901388431859550,Just sold our beloved Zen hideaway for more than list price with multiple offers. Although the selle,"Just sold our beloved Zen hideaway for more than list price with multiple offers. Although the seller is sad to let her Koi fish go, I’m sure we found amazing buyers who will love and appreciate the home as much as her.",BUYER; SELLER,client move stories,,80,2040901388431859550,https://www.instagram.com/p/BxSvP_nFR9e/,NEEDS_JEN_APPROVAL,EXPERIENCE,DEEP
5,JEN-STORY-3078868405738949423,"Our client had some extra money that they wanted to invest, but didn’t know where, or how. we review","Our client had some extra money that they wanted to invest, but didn’t know where, or how. we reviewed the HOA docs for our clients, we saw that they were already the owner-to-tenant ratio, and the HOA didn’t even know! Our client 🏡🎉 JUST SOLD!",,client move stories,PROTECTED,79,3078868405738949423,https://www.instagram.com/p/Cq6VoCiPksv/,NEEDS_JEN_APPROVAL,EXPERIENCE,DEEP
6,JEN-STORY-2847796387484832355,"With time ticking, we felt like they just couldn’t find the perfect home. I negotiated a longer escr","With time ticking, we felt like they just couldn’t find the perfect home. I negotiated a longer escrow with a contingency Well here we are!",BUYER,work clients never carried,PROTECTED,77,2847796387484832355,https://www.instagram.com/p/CeFZ7nkrJJj/,DEIDENTIFIED,EXPERIENCE,DEEP
7,JEN-STORY-3890689457757722452,Multiple offers after the first weekend. A buyer hearing their offer was accepted.,Multiple offers after the first weekend. A buyer hearing their offer was accepted.,BUYER; SELLER,local life and homes,,75,3890689457757722452,https://www.instagram.com/p/DX-gXK1AZdU/,NEEDS_JEN_APPROVAL,EXPERIENCE,BANK
8,JEN-STORY-3889806949093282222,We reached out directly to the seller—who wasn’t initially planning to sell—and opened a conversatio,"We reached out directly to the seller—who wasn’t initially planning to sell—and opened a conversation that changed everything. And just like that, a tenant became a homeowner in the place they already called home.",BUYER; SELLER,client move stories,,75,3889806949093282222,https://www.instagram.com/p/DX7Xs-ljRGu/,NEEDS_JEN_APPROVAL,EXPERIENCE,BANK
9,JEN-STORY-3839037178341317959,"Yes, multiple offers are happening again in today’s real estate market. We found a property they lov","Yes, multiple offers are happening again in today’s real estate market. We found a property they loved, a remodeled home with an ADU for under $1M, which is pretty hard to find in the Valley right now.",BUYER; SELLER,decision clarity,,75,3839037178341317959,https://www.instagram.com/p/DVG__k-jV1H/,DEIDENTIFIED,EXPERIENCE,DEEP
10,JEN-STORY-3641862223476773966,") for them, but I negotiated over $115k off the original list price of the home, made sure the premi",") for them, but I negotiated over $115k off the original list price of the home, made sure the premium appliance package was included in the price, and also got them an additional $30k in lender credits towards closing costs, to which they ultimately used to buy down their interest rate. 🏡🎉 JUST SOLD!",BUYER; SELLER,decision clarity,,75,3641862223476773966,https://www.instagram.com/p/DKKfmWXP1RO/,NEEDS_JEN_APPROVAL,EXPERIENCE,DEEP
11,JEN-STORY-3636825719138283445,"When this seller decided to list his Valencia condo, we discovered something surprising during our p","When this seller decided to list his Valencia condo, we discovered something surprising during our pre-listing process - a major title issue with two separate parcel numbers that could have been a huge issue or cause some delays and potential loan roadblocks! 🏡🎉 JUST SOLD!",BUYER; SELLER,client move stories,,75,3636825719138283445,https://www.instagram.com/p/DJ4mbkLPe-1/,DEIDENTIFIED,EXPERIENCE,BANK
12,JEN-STORY-3620843265613137319,"We listed the property at the beginning of the year and in just 3 weeks, we had multiple offers in h","We listed the property at the beginning of the year and in just 3 weeks, we had multiple offers in hand! 🏡🎉 JUST SOLD!",BUYER; SELLER,client move stories,,75,3620843265613137319,https://www.instagram.com/p/DI_0cQaPIWn/,DEIDENTIFIED,EXPERIENCE,BANK
13,JEN-STORY-3617244710093778186,"), but with strategic pricing and targeted marketing, we found that perfect buyer who fell in love w","), but with strategic pricing and targeted marketing, we found that perfect buyer who fell in love with all the same special details my clients adored when they first purchased. 🏡🎉 JUST SOLD!",BUYER; SELLER,client move stories,,75,3617244710093778186,https://www.instagram.com/p/DIzCOYazO0K/,DEIDENTIFIED,EXPERIENCE,DEEP
14,JEN-STORY-3510924456154042979,He was referred to us and after viewing 5 homes we found him a house he loved and we closed it in 12,"He was referred to us and after viewing 5 homes we found him a house he loved and we closed it in 12 days, right in time for the Thanksgiving holiday. 🏡🎉 JUST SOLD!",BUYER,client move stories,,75,3510924456154042979,https://www.instagram.com/p/DC5TzDySxJj/,NEEDS_JEN_APPROVAL,EXPERIENCE,DEEP
15,JEN-STORY-3509316585553410599,He browsed around online but didn’t think he could actually afford a house. 🏡🎉 JUST SOLD!,He browsed around online but didn’t think he could actually afford a house. 🏡🎉 JUST SOLD!,BUYER,client move stories,,75,3509316585553410599,https://www.instagram.com/p/DCzmNdmTDon/,NEEDS_JEN_APPROVAL,EXPERIENCE,BANK
16,JEN-STORY-3476036049305586443,"I’ve celebrated quite a few milestones with these two, but nothing beats helping them buy a home, es","I’ve celebrated quite a few milestones with these two, but nothing beats helping them buy a home, especially because they didn’t think they could. 🏡🎉 JUST SOLD!",BUYER; SELLER,local life and homes,,75,3476036049305586443,https://www.instagram.com/p/DA9XF65T8sL/,NEEDS_JEN_APPROVAL,EXPERIENCE,BANK
17,JEN-STORY-3225364273742393774,I helped Gina and NJ sell their townhome a couple years ago to cash out on their equity. 🏡🎉 JUST SOL,I helped Gina and NJ sell their townhome a couple years ago to cash out on their equity. 🏡🎉 JUST SOLD!,BUYER,travel and experience design,,75,3225364273742393774,https://www.instagram.com/p/CzCy7ffprGu/,DEIDENTIFIED,EXPERIENCE,DEEP
18,JEN-STORY-3211540742346173213,But that didn’t keep us from formulating a great marketing strategy for our seller. 🏡🎉 JUST SOLD!,But that didn’t keep us from formulating a great marketing strategy for our seller. 🏡🎉 JUST SOLD!,SELLER,client move stories,,75,3211540742346173213,https://www.instagram.com/p/CyRr0opPOsd/,NEEDS_JEN_APPROVAL,EXPERIENCE,BANK
19,JEN-STORY-3015200521610824606,Our seller had inherited this property after his aunt had passed away. 🎉🏡 JUST SOLD!,Our seller had inherited this property after his aunt had passed away. 🎉🏡 JUST SOLD!,SELLER,grief growth and resilience,,75,3015200521610824606,https://www.instagram.com/p/CnYJOYxL4ue/,NEEDS_JEN_APPROVAL,EXPERIENCE,BANK
20,JEN-STORY-2886175364837876028,"Situated in a highly desirable pocket of Woodland Hills, our seller got multiple offers and over $15","Situated in a highly desirable pocket of Woodland Hills, our seller got multiple offers and over $150K more than she asked for. We made sure to price strategically, and maximize marketing to ensure shortest amount of marketing time and maximum profits.",SELLER,local life and homes,,75,2886175364837876028,https://www.instagram.com/p/CgNwTPkpSE8/,NEEDS_JEN_APPROVAL,EXPERIENCE,DEEP
21,JEN-STORY-2607586411602168802,What they didn’t know was HOW MUCH equity was in there! We helped them sell it with multiple offers ,What they didn’t know was HOW MUCH equity was in there! We helped them sell it with multiple offers and for more than asking.,SELLER,client move stories,,75,2607586411602168802,https://www.instagram.com/p/CQwAgaYrsvi/,NEEDS_JEN_APPROVAL,EXPERIENCE,DEEP
22,JEN-STORY-2419346901720876857,"Although the first accepted offer fell through, we received multiple offers, so there was no headach","Although the first accepted offer fell through, we received multiple offers, so there was no headache for our sellers to get this back under contract.",SELLER,client move stories,,75,2419346901720876857,https://www.instagram.com/p/CGTPzBZg8c5/,NEEDS_JEN_APPROVAL,EXPERIENCE,BANK
23,JEN-STORY-2404284749821639490,so a few weeks before turning 30 i was beating myself up for still renting. but just a few months af,"so a few weeks before turning 30 i was beating myself up for still renting. but just a few months after my birthday that year, i closed escrow on my own purchase.",BUYER,ownership and entrepreneurship,,75,2404284749821639490,https://www.instagram.com/p/CFdvD3UAftC/,DEIDENTIFIED,EXPERIENCE,BANK
24,JEN-STORY-2061270147913522459,"Even though Los Angeles has been wondering where the warm weather has been, and it has only began to","Even though Los Angeles has been wondering where the warm weather has been, and it has only began to heat up in the last week, the real estate market is proof that its already HOT as we just sold another one after receiving multiple offers.",SELLER,local life and homes,,75,2061270147913522459,https://www.instagram.com/p/BybGkdIgJ0b/,NEEDS_JEN_APPROVAL,EXPERIENCE,BANK
25,JEN-STORY-3699296386325066852,"We negotiated an offer $50K below asking, and it was accepted! Today, they’re the proud owners of th","We negotiated an offer $50K below asking, and it was accepted! Today, they’re the proud owners of their dream home. 🎉

Helping clients",SELLER,client move stories,PROTECTED,73,3699296386325066852,https://www.instagram.com/p/DNWinaxyrRk/,NEEDS_JEN_APPROVAL,EXPERIENCE,BANK
26,JEN-STORY-3264521951593121951,"I negotiated it down to. So my clients not only got the home for an amazing price, but they also got","I negotiated it down to. So my clients not only got the home for an amazing price, but they also got a generous seller credit 🏡🎉 JUST SOLD!",BUYER; SELLER,client move stories,PROTECTED,72,3264521951593121951,https://www.instagram.com/p/C1N6Ws2LEif/,DEIDENTIFIED,EXPERIENCE,DEEP
27,JEN-STORY-3123695950229347652,We submitted several offers that just didn’t work out. 🏡🎉 JUST SOLD!,We submitted several offers that just didn’t work out. 🏡🎉 JUST SOLD!,,motherhood and family life,,72,3123695950229347652,https://www.instagram.com/p/CtZmOqrvx1E/,NEEDS_JEN_APPROVAL,EXPERIENCE,DEEP
28,JEN-STORY-2973712782253167736,"and guess what, today i just closed on a home i didn’t think i could ever buy on my own. in the few ","and guess what, today i just closed on a home i didn’t think i could ever buy on my own. in the few days before i wrote my offer, i asked my dad for a sign.",,grief growth and resilience,,72,2973712782253167736,https://www.instagram.com/p/ClEwAUiPRR4/,DEIDENTIFIED,EXPERIENCE,DEEP
29,JEN-STORY-2579425415830282046,Our buyers didn’t want to put their first condo on the market without finding a home first. we negot,Our buyers didn’t want to put their first condo on the market without finding a home first. we negotiated the same on the sale of their condo. Win-win for everyone. Now our buyers,BUYER; SELLER,client move stories,PROTECTED,72,2579425415830282046,https://www.instagram.com/p/CPL9b_TLZ8-/,NEEDS_JEN_APPROVAL,EXPERIENCE,DEEP
30,JEN-STORY-3557337562697451549,"Then, just as we were nearing the finish line, the unexpected happened: the bank rejected the loan. ","Then, just as we were nearing the finish line, the unexpected happened: the bank rejected the loan. In the end, we found the right solution, got the financing approved, and successfully closed escrow. 🏡🎉 JUST SOLD!",BUYER,client move stories,,70,3557337562697451549,https://www.instagram.com/p/DFeM6pqvEgd/,NEEDS_JEN_APPROVAL,EXPERIENCE,DEEP
31,JEN-STORY-3459308543220392407,"Worried they might not find something in time, they contacted us to help them with their next move. ","Worried they might not find something in time, they contacted us to help them with their next move. We made an offer and got accepted right away. 🏡🎉 JUST SOLD!",BUYER; SELLER,client move stories,,70,3459308543220392407,https://www.instagram.com/p/DAB7sq3ICHX/,NEEDS_JEN_APPROVAL,EXPERIENCE,DEEP
32,JEN-STORY-3159274087117597422,Let us take the stress out of the process and help you find the perfect home. A repeat client of our,Let us take the stress out of the process and help you find the perfect home. A repeat client of ours was looking to upgrade from her first property we helped her purchase last year. 🏡🎉 JUST SOLD!,BUYER,decision clarity,,70,3159274087117597422,https://www.instagram.com/p/CvX_wsuvaru/,NEEDS_JEN_APPROVAL,EXPERIENCE,DEEP
33,JEN-STORY-3154295316392202838,"We contacted the listing agent and counteroffers had already gone out, so we made sure to submit a c","We contacted the listing agent and counteroffers had already gone out, so we made sure to submit a clean and strong offer that the seller couldn’t refuse. After telling us what they were looking for, we showed them 2 homes, and one was a clear winner. 🏡🎉 JUST SOLD!",SELLER,client move stories,,70,3154295316392202838,https://www.instagram.com/p/CvGTuDKPFJW/,NEEDS_JEN_APPROVAL,EXPERIENCE,DEEP
34,JEN-STORY-3119459046023926337,We contacted the agent and turns out there were no more showings and multiple offers. We made sure t,We contacted the agent and turns out there were no more showings and multiple offers. We made sure to structure it competitively to get our offer accepted and closed in 18 days. 🏡🎉 JUST SOLD!,BUYER; SELLER,client move stories,,70,3119459046023926337,https://www.instagram.com/p/CtKi3mJopJB/,NEEDS_JEN_APPROVAL,EXPERIENCE,DEEP
35,JEN-STORY-3054102915068471323,"It was stressful and scary, but a friend of theirs referred them to us and we helped them sell this ","It was stressful and scary, but a friend of theirs referred them to us and we helped them sell this home just in time, a few weeks before the foreclosure sale date! 🏡🎉 JUST SOLD!",SELLER,client move stories,,70,3054102915068471323,https://www.instagram.com/p/CpiWmuAJCgb/,NEEDS_JEN_APPROVAL,EXPERIENCE,DEEP
36,JEN-STORY-3049963502470880178,The whole family is over the moon and I couldn’t be more happier for them. I helped my buyers sell t,The whole family is over the moon and I couldn’t be more happier for them. I helped my buyers sell their condo in order to purchase this beautiful new home. 🏡🎉 JUST SOLD!,BUYER,client move stories,,70,3049963502470880178,https://www.instagram.com/p/CpTpaVmrtuy/,DEIDENTIFIED,EXPERIENCE,DEEP
37,JEN-STORY-3047820308051420146,"The market was shifting, and shifting fast, and running into the holidays didn’t help either. I help","The market was shifting, and shifting fast, and running into the holidays didn’t help either. I helped my seller purchase this home a few years ago as her first home. 🏡🎉 JUST SOLD!",BUYER; SELLER,client move stories,,70,3047820308051420146,https://www.instagram.com/p/CpMCGwQoGPy/,NEEDS_JEN_APPROVAL,EXPERIENCE,DEEP
38,JEN-STORY-3013057175735917028,"Despite the uncertainty of the current real estate market, our team can help you bring ownership of ","Despite the uncertainty of the current real estate market, our team can help you bring ownership of your dream home into reality. After talking to us, we helped them realize they were more ready than they thought. 🎉🏡 JUST SOLD!",BUYER,client move stories,,70,3013057175735917028,https://www.instagram.com/p/CnQh4mXrlnk/,NEEDS_JEN_APPROVAL,EXPERIENCE,DEEP
39,JEN-STORY-2557600871964650450,"Not only did we get multiple offers for our sellers, but we made sure to find a solid buyer to ensur","Not only did we get multiple offers for our sellers, but we made sure to find a solid buyer to ensure a concurrent close. We listed this property at the beginning of the week and it was in escrow before the weekend.",BUYER; SELLER,client move stories,,70,2557600871964650450,https://www.instagram.com/p/CN-bHE6rqvS/,NEEDS_JEN_APPROVAL,EXPERIENCE,DEEP
40,JEN-STORY-3629566288541297269,"We handled all the screening, paperwork, and made the whole process seamless for him so there was no","We handled all the screening, paperwork, and made the whole process seamless for him so there was no loss in cash flow. We helped our client rent out this beautiful Woodland Hills property last year.",BUYER; SELLER,local life and homes,,68,3629566288541297269,https://www.instagram.com/p/DJez08lPKp1/,DEIDENTIFIED,EXPERIENCE,DEEP
41,JEN-STORY-2987597630923770525,"after showing me, i asked if he could send it to me and he said “but i don’t have your number” so i ","after showing me, i asked if he could send it to me and he said “but i don’t have your number” so i just gave it to him and thought nothing of it. and here we are now, on the other side of the country, married, and still dancing our way through this adventure called life together.",,travel and experience design,,67,2987597630923770525,https://www.instagram.com/p/Cl2FDdjAoqd/,NEEDS_JEN_APPROVAL,EXPERIENCE,DEEP
42,JEN-STORY-2568725752072426704,"i didn’t tell too many people, but in march 2019 my dad got a quintuple bypass. swipe right for a co","i didn’t tell too many people, but in march 2019 my dad got a quintuple bypass. swipe right for a collage gift my mom dug up on the garage that i made for my dad many moons ago lol",,grief growth and resilience,,67,2568725752072426704,https://www.instagram.com/p/COl8nY5rNTQ/,NEEDS_JEN_APPROVAL,EXPERIENCE,DEEP
43,JEN-STORY-2534545795608059459,"just a couple months ago i learned that my last name, santulan, means “the balance” in hindi 🤯.","just a couple months ago i learned that my last name, santulan, means “the balance” in hindi 🤯.",,jen human lens,,67,2534545795608059459,https://www.instagram.com/p/CMsg_j2LZ5D/,DEIDENTIFIED,EXPERIENCE,DEEP
44,JEN-STORY-3901418446255907434,"meanwhile… people buy homes every day with less money down than they expected, imperfect credit, and","meanwhile… people buy homes every day with less money down than they expected, imperfect credit, and strategies they didn’t know existed.",BUYER,local life and homes,,66,3901418446255907434,https://www.instagram.com/p/DYkn2gBPWJq/,NEEDS_JEN_APPROVAL,EXPERIENCE,BANK
45,JEN-STORY-3897854708656444095,"Like many first-time homebuyers in today’s market, they faced challenges and heartbreak after being ","Like many first-time homebuyers in today’s market, they faced challenges and heartbreak after being outbid on a couple of properties.",BUYER,life transitions around home,,66,3897854708656444095,https://www.instagram.com/p/DYX9jSvjRK_/,DEIDENTIFIED,EXPERIENCE,BANK
46,JEN-STORY-3626021570017514483,🏡🎉 JUST SOLD!,🏡🎉 JUST SOLD!,BUYER; SELLER,local life and homes,,66,3626021570017514483,https://www.instagram.com/p/DJSN2gMzFPz/,DEIDENTIFIED,EXPERIENCE,BANK
47,JEN-STORY-3607927059823525870,"When you work with the right agent (hey 👋🏼), selling your home doesn’t have to be stressful.","When you work with the right agent (hey 👋🏼), selling your home doesn’t have to be stressful.",BUYER; SELLER,local life and homes,,66,3607927059823525870,https://www.instagram.com/p/DIR7ouYTP_u/,DEIDENTIFIED,EXPERIENCE,BANK
48,JEN-STORY-3534662335506041190,🏡🎉 JUST SOLD!,🏡🎉 JUST SOLD!,BUYER; SELLER,local life and homes,,66,3534662335506041190,https://www.instagram.com/p/DENpKqsyklm/,DEIDENTIFIED,EXPERIENCE,BANK
49,JEN-STORY-3519598740934035846,"We gave the property a refresher, took new photos, doubled down on marketing and we were able to get","We gave the property a refresher, took new photos, doubled down on marketing and we were able to get the property in escrow in about a month and closed in less than 30 days after then.",SELLER,client move stories,,66,3519598740934035846,https://www.instagram.com/p/DDYIGhBSQmG/,NEEDS_JEN_APPROVAL,EXPERIENCE,BANK
50,JEN-STORY-3029008387173537432,🎉🏡 JUST SOLD!,🎉🏡 JUST SOLD!,BUYER,client move stories,,66,3029008387173537432,https://www.instagram.com/p/CoJMxRrKFaY/,NEEDS_JEN_APPROVAL,EXPERIENCE,BANK
51,JEN-STORY-2830973973019056823,One weekend of open houses and we found the perfect buyer.,One weekend of open houses and we found the perfect buyer.,BUYER,client move stories,,66,2830973973019056823,https://www.instagram.com/p/CdJo9ROLVq3/,NEEDS_JEN_APPROVAL,EXPERIENCE,BANK
52,JEN-STORY-2687438219238462581,We helped them secure this home for over $43k below list price!,We helped them secure this home for over $43k below list price!,BUYER; SELLER,client move stories,,66,2687438219238462581,https://www.instagram.com/p/CVLstJdhFR1/,NEEDS_JEN_APPROVAL,EXPERIENCE,BANK
53,JEN-STORY-2469243622888792815,We received multiple offers on our lease listing that went almost $2000/mo over asking!,We received multiple offers on our lease listing that went almost $2000/mo over asking!,SELLER,local life and homes,,66,2469243622888792815,https://www.instagram.com/p/CJEg_4OL2Lv/,NEEDS_JEN_APPROVAL,EXPERIENCE,BANK
54,JEN-STORY-2395968144381484193,Just sold our tennis court estate to the perfect buyers for the home.,Just sold our tennis court estate to the perfect buyers for the home.,BUYER,local life and homes,,66,2395968144381484193,https://www.instagram.com/p/CFAMFU7Apyh/,NEEDS_JEN_APPROVAL,EXPERIENCE,BANK
55,JEN-STORY-2286608831142284582,"So we put it on the market, ended up with multiple offers and getting them more than their asking pr","So we put it on the market, ended up with multiple offers and getting them more than their asking price.",SELLER,local life and homes,,66,2286608831142284582,https://www.instagram.com/p/B-7qp3wgc0m/,NEEDS_JEN_APPROVAL,EXPERIENCE,BANK
56,JEN-STORY-2201103375330955192,"Pair that with efficient marketing efforts, and it should be a home run, like we did for this one we","Pair that with efficient marketing efforts, and it should be a home run, like we did for this one we just closed in Sherman Oaks.",SELLER,local life and homes,,66,2201103375330955192,https://www.instagram.com/p/B6L49ugg8-4/,NEEDS_JEN_APPROVAL,EXPERIENCE,BANK
57,JEN-STORY-1980172522372699109,"we put it on the market after the holidays to ensure the best exposure, received multiple offers and","we put it on the market after the holidays to ensure the best exposure, received multiple offers and opened escrow in 3 days.",BUYER; SELLER,client move stories,,66,1980172522372699109,https://www.instagram.com/p/Bt6_GruA5Pl/,NEEDS_JEN_APPROVAL,EXPERIENCE,BANK
58,JEN-STORY-3951404566314523771,"Not long after, we found a home they truly loved. To top it all off, we successfully closed escrow i","Not long after, we found a home they truly loved. To top it all off, we successfully closed escrow in just 15 days, making for a smooth and efficient transaction from start to finish.",BUYER; SELLER,client move stories,,65,3951404566314523771,https://www.instagram.com/p/DbWNYSDCJx7/,NEEDS_JEN_APPROVAL,EXPERIENCE,DEEP
59,JEN-STORY-3880424679739824510,"This beautiful home at [address removed] didn’t stay on the market for long. Now, we’re officially i","This beautiful home at [address removed] didn’t stay on the market for long. Now, we’re officially in escrow.",SELLER,decision clarity,,65,3880424679739824510,https://www.instagram.com/p/DXaCa_VjRl-/,NEEDS_JEN_APPROVAL,EXPERIENCE,BANK
60,JEN-STORY-3876079201422233542,"Together, we planned the perfect timing and launched the listing right after the New Year to maximiz","Together, we planned the perfect timing and launched the listing right after the New Year to maximize exposure. The result?",SELLER,client move stories,,65,3876079201422233542,https://www.instagram.com/p/DXKmX9SDU_G/,DEIDENTIFIED,EXPERIENCE,DEEP
61,JEN-STORY-3852130267956065708,"Like many buyers in the competitive LA market, the journey wasn’t easy. ✨ Just Sold!","Like many buyers in the competitive LA market, the journey wasn’t easy. ✨ Just Sold!",BUYER,client move stories,,65,3852130267956065708,https://www.instagram.com/p/DV1hBG6DTWs/,DEIDENTIFIED,EXPERIENCE,BANK
62,JEN-STORY-3723873639940151333,"it wasn’t always easy. this was our very first international trip with a toddler, and i learned a lo","it wasn’t always easy. this was our very first international trip with a toddler, and i learned a lot.",,travel and experience design,,65,3723873639940151333,https://www.instagram.com/p/DOt21h5Etgl/,NEEDS_JEN_APPROVAL,EXPERIENCE,DEEP
63,JEN-STORY-3671607435608811404,"This sweet home officially has new owners — and we closed for $54,000 over asking with multiple offe","This sweet home officially has new owners — and we closed for $54,000 over asking with multiple offers and in escrow within the first week! 🏡🎉 JUST SOLD!",BUYER; SELLER,decision clarity,,65,3671607435608811404,https://www.instagram.com/p/DL0K4J6JWeM/,DEIDENTIFIED,EXPERIENCE,BANK
64,JEN-STORY-3652806552815535882,"After Dad passed away about a year and a half ago and with Mom’s health on the decline, my seller st","After Dad passed away about a year and a half ago and with Mom’s health on the decline, my seller stepped up as the executor of the trust. 🏡🎉 JUST SOLD!",SELLER,client move stories,,65,3652806552815535882,https://www.instagram.com/p/DKxYDTVygcK/,DEIDENTIFIED,EXPERIENCE,BANK
65,JEN-STORY-3565113204894460337,"Our client always believed homeownership was out of reach, thinking they wouldn’t qualify or didn’t ","Our client always believed homeownership was out of reach, thinking they wouldn’t qualify or didn’t have enough savings. Together, we found the perfect property, navigated escrow seamlessly, and secured favorable terms.",BUYER,life transitions around home,,65,3565113204894460337,https://www.instagram.com/p/DF505Ixyemx/,NEEDS_JEN_APPROVAL,EXPERIENCE,DEEP
66,JEN-STORY-3489708732649198334,"We found buyers who also just got married and ready to start their family, and also found our client","We found buyers who also just got married and ready to start their family, and also found our clients their forever home. 🏡🎉 JUST SOLD!",BUYER; SELLER,client move stories,,65,3489708732649198334,https://www.instagram.com/p/DBt75pjIlL-/,NEEDS_JEN_APPROVAL,EXPERIENCE,DEEP
67,JEN-STORY-3485385412322025807,All of a sudden we had multiple offers above asking! 🏡🎉 JUST SOLD!,All of a sudden we had multiple offers above asking! 🏡🎉 JUST SOLD!,BUYER; SELLER,unclassified,,65,3485385412322025807,https://www.instagram.com/p/DBek5DuyGFP/,NEEDS_JEN_APPROVAL,EXPERIENCE,BANK
68,JEN-STORY-3469526674203337730,"And after viewing a few homes, we found the perfect one for him, and also negotiated it for $20k les","And after viewing a few homes, we found the perfect one for him, and also negotiated it for $20k less than asking. 🏡🎉 JUST SOLD!",BUYER,market proof and numbers,,65,3469526674203337730,https://www.instagram.com/p/DAmPCC6oeQC/,NEEDS_JEN_APPROVAL,EXPERIENCE,DEEP
69,JEN-STORY-3435330131071955291,"One of their friends, who we helped purchase last year, suggested they get in touch with our team to","One of their friends, who we helped purchase last year, suggested they get in touch with our team to help them in their house hunt. 🏡🎉 JUST SOLD!",BUYER,client move stories,,65,3435330131071955291,https://www.instagram.com/p/C-svo2UvXFb/,NEEDS_JEN_APPROVAL,EXPERIENCE,DEEP
70,JEN-STORY-3424612767368980571,We showed them several properties over the next week and they fell in love with one. 🏡🎉 JUST SOLD!,We showed them several properties over the next week and they fell in love with one. 🏡🎉 JUST SOLD!,BUYER,client move stories,,65,3424612767368980571,https://www.instagram.com/p/C-GqyrkS6hb/,NEEDS_JEN_APPROVAL,EXPERIENCE,DEEP
71,JEN-STORY-3395690948774867769,"However, after a couple weeks of house hunting, we found the one and we were able to negotiate a sel","However, after a couple weeks of house hunting, we found the one and we were able to negotiate a seller credit for him to BUY DOWN his rate. 🏡🎉 JUST SOLD!",BUYER; SELLER,unclassified,,65,3395690948774867769,https://www.instagram.com/p/C8f6u1AvDM5/,NEEDS_JEN_APPROVAL,EXPERIENCE,DEEP
72,JEN-STORY-3309444192713236511,"After having multiple offers, our efforts won out and our client got the house they wanted. After a ","After having multiple offers, our efforts won out and our client got the house they wanted. After a long search, we found the perfect investment property for our client, close to their primary residence.",SELLER,life transitions around home,,65,3309444192713236511,https://www.instagram.com/p/C3tgfWGpuAf/,NEEDS_JEN_APPROVAL,EXPERIENCE,DEEP
73,JEN-STORY-3257175643019599950,"With my aggressive marketing strategy, we received multiple offers in the first weekend on the marke","With my aggressive marketing strategy, we received multiple offers in the first weekend on the market, and we ended up accepting an offer $90K above asking price. 🏡🎉 JUST SOLD!",SELLER,client move stories,,65,3257175643019599950,https://www.instagram.com/p/C0zz_11POBO/,NEEDS_JEN_APPROVAL,EXPERIENCE,BANK
74,JEN-STORY-3220131489500837632,We helped our seller purchase this property off market. 🏡🎉 JUST SOLD!,We helped our seller purchase this property off market. 🏡🎉 JUST SOLD!,BUYER; SELLER,unclassified,,65,3220131489500837632,https://www.instagram.com/p/CywNIdZvzcA/,NEEDS_JEN_APPROVAL,EXPERIENCE,DEEP
75,JEN-STORY-2723830198585166529,However we received multiple offers in the first 2 weeks. We made sure to screen them all to make su,However we received multiple offers in the first 2 weeks. We made sure to screen them all to make sure to find a solid buyer and successfully close!,BUYER; SELLER,life transitions around home,,65,2723830198585166529,https://www.instagram.com/p/CXM_SJXJorB/,NEEDS_JEN_APPROVAL,EXPERIENCE,DEEP
76,JEN-STORY-2702681455695149287,"For a second, we started looking in areas they knew they didn’t want, just to secure something fast.","For a second, we started looking in areas they knew they didn’t want, just to secure something fast. In just a few weeks, we found them the perfect home, and in the neighborhood they wanted all along.",BUYER; SELLER,client move stories,,65,2702681455695149287,https://www.instagram.com/p/CWB2nbrvrjn/,NEEDS_JEN_APPROVAL,EXPERIENCE,DEEP
77,JEN-STORY-2676499163989810265,"we missed some of my family who couldn’t make it, and it was a heavy and emotional few days. this pa","we missed some of my family who couldn’t make it, and it was a heavy and emotional few days. this past week, i learned that lola had Dutch grandparents.",,jen human lens,,65,2676499163989810265,https://www.instagram.com/p/CUk1c8XPhxZ/,DEIDENTIFIED,EXPERIENCE,DEEP
78,JEN-STORY-2641886750689262500,I helped them navigate through multiple offers and get them the perfect home to settle in.,I helped them navigate through multiple offers and get them the perfect home to settle in.,SELLER,client move stories,,65,2641886750689262500,https://www.instagram.com/p/CSp3gCfpPuk/,DEIDENTIFIED,EXPERIENCE,DEEP
79,JEN-STORY-2615667200008993586,I know it got a little worrisome for a second when there just wasn’t enough 5 bed homes on the marke,"I know it got a little worrisome for a second when there just wasn’t enough 5 bed homes on the market, but thanks, [handle removed] and Louis, for trusting me on this journey. But I made sure to negotiate a bit of a free rent back for them to give us time to find their forever home.",BUYER; SELLER,life transitions around home,,65,2615667200008993586,https://www.instagram.com/p/CRMt3XDLTsy/,NEEDS_JEN_APPROVAL,EXPERIENCE,DEEP
80,JEN-STORY-2607840075809908749,"there was one property we put an offer on, and you guessed it… we lost against multiple offers. fast","there was one property we put an offer on, and you guessed it… we lost against multiple offers. fast forward and here we are — i now own a pretty badass property with one of my best friends.",BUYER; SELLER,life transitions around home,,65,2607840075809908749,https://www.instagram.com/p/CQw6LtlrWgN/,NEEDS_JEN_APPROVAL,EXPERIENCE,BANK
81,JEN-STORY-2417046636632203914,"After losing out on several homes, these buyers got discouraged and felt their previous agent just w","After losing out on several homes, these buyers got discouraged and felt their previous agent just wasn’t fighting for them. we managed to beat out several offers on this one to get them the home",BUYER,work clients never carried,HANDLED,65,2417046636632203914,https://www.instagram.com/p/CGLExwmA-KK/,NEEDS_JEN_APPROVAL,EXPERIENCE,DEEP
82,JEN-STORY-2401813704418138251,"After 45 days in escrow, our buyers’ original lender couldn’t get the deal done despite our buyers h","After 45 days in escrow, our buyers’ original lender couldn’t get the deal done despite our buyers having good income and amazing credit scores.",BUYER; SELLER,client move stories,,65,2401813704418138251,https://www.instagram.com/p/CFU9Na8ghiL/,NEEDS_JEN_APPROVAL,EXPERIENCE,BANK
83,JEN-STORY-2230201475471008493,"But when I got a call today and heard the news, I didn’t want to believe it. Today I cried a differe","But when I got a call today and heard the news, I didn’t want to believe it. Today I cried a different kind of tears as I learned that my favorite athlete of all time is gone.",,jen human lens,,65,2230201475471008493,https://www.instagram.com/p/B7zRG0DAGLt/,NEEDS_JEN_APPROVAL,EXPERIENCE,DEEP
84,JEN-STORY-2167939036134572665,This property sat on the market for over 200+ day’s with another agent before we found it. Our Silve,This property sat on the market for over 200+ day’s with another agent before we found it. Our Silverlake diamond in the rough just sold in a little over [address removed] home to buyers who are so excited to make it their home.,BUYER; SELLER,unclassified,,65,2167939036134572665,https://www.instagram.com/p/B4WEREvgQJ5/,NEEDS_JEN_APPROVAL,EXPERIENCE,DEEP
85,JEN-STORY-2109214272432222423,Constantly running into multiple offers? We helped our buyer add to his investment property portfoli,Constantly running into multiple offers? We helped our buyer add to his investment property portfolio with this home that was in a multiple offer situation and for LESS than asking!,BUYER; SELLER,life transitions around home,,65,2109214272432222423,https://www.instagram.com/p/B1FbzSngbDX/,NEEDS_JEN_APPROVAL,EXPERIENCE,DEEP
86,JEN-STORY-2010646542021846808,"After receiving multiple offers, we put this property under contract and closed in just 2 weeks and ","After receiving multiple offers, we put this property under contract and closed in just 2 weeks and for more than asking price.",SELLER,unclassified,,65,2010646542021846808,https://www.instagram.com/p/BvnQGCKFGcY/,NEEDS_JEN_APPROVAL,EXPERIENCE,BANK
87,JEN-STORY-1904758014772250275,everything else is just the scar tissue of existence masquerading as our fears and insecurities. i l,"everything else is just the scar tissue of existence masquerading as our fears and insecurities. i learned that when you detach from expectations and vibrate on a frequency of unconditional love rather than fear, you allow things to happen just as they're supposed to...",,jen human lens,,65,1904758014772250275,https://www.instagram.com/p/BpvD1KVlAaj/,DEIDENTIFIED,EXPERIENCE,DEEP
88,JEN-STORY-1804157700634807110,"with the most handsome best man ever 😏 failed AC at the church, 95° with 55% humidity, and all black","with the most handsome best man ever 😏 failed AC at the church, 95° with 55% humidity, and all black outfits didn’t stop anyone from enjoying the day and dancing all night. i learned that the spanish achy breaky heart song is danced completely differently from filipinos and i had to sit it out 😅 #linedancefail #stilldancedallnight #selenasongsmademehappy #BeaLexTiesTheKnot",,jen human lens,,65,1804157700634807110,https://www.instagram.com/p/BkJp96xH4tG/,DEIDENTIFIED,EXPERIENCE,DEEP
89,JEN-STORY-1413912382854156843,everything else is just the scar tissue of existence masquerading as our fears and insecurities. i l,"everything else is just the scar tissue of existence masquerading as our fears and insecurities. i learned that when you detach from expectations and vibrate on a frequency of unconditional love rather than fear, you allow things to happen just as they're supposed to...",,jen human lens,,65,1413912382854156843,https://www.instagram.com/p/BOfOdIrjFIr/,DEIDENTIFIED,EXPERIENCE,DEEP
90,JEN-STORY-2454991884053905992,i negotiated to include the furniture and a $100k credit for my buyer,i negotiated to include the furniture and a $100k credit for my buyer,BUYER,work clients never carried,PROTECTED,63,2454991884053905992,https://www.instagram.com/p/CIR4hyHgAJI/,NEEDS_JEN_APPROVAL,EXPERIENCE,BANK
91,JEN-STORY-3926787729673177251,"✨ JUST LISTED | VAN NUYS, CA ✨",,SELLER,local life and homes,,61,3926787729673177251,https://www.instagram.com/p/DZ-wKKXiEij/,DEIDENTIFIED,EXPERIENCE,BANK
92,JEN-STORY-3845563205096039658,If you’re a first-time home buyer in California and the down payment is what’s been holding you back,,BUYER,life transitions around home,,61,3845563205096039658,https://www.instagram.com/p/DVeL1xBD-Tq/,DEIDENTIFIED,EXPERIENCE,BANK
93,JEN-STORY-3834045602464931267,The market is moving. Are you? 🐎📉,,BUYER; SELLER,local life and homes,,61,3834045602464931267,https://www.instagram.com/p/DU1RClrkh3D/,DEIDENTIFIED,EXPERIENCE,BANK
94,JEN-STORY-3807193317277625913,New year. Same city.,,BUYER; SELLER,local life and homes,,61,3807193317277625913,https://www.instagram.com/p/DTV3iaTku45/,DEIDENTIFIED,EXPERIENCE,BANK
95,JEN-STORY-3729656415196946333,Sometimes all you need is a little peace + a lot of space. ✨,,BUYER; SELLER,local life and homes,,61,3729656415196946333,https://www.instagram.com/p/DPCZr_CEh-d/,NEEDS_JEN_APPROVAL,EXPERIENCE,BANK
96,JEN-STORY-3725290420734382083,✨ Just Listed in Sherwood Forest! ✨,,SELLER,local life and homes,,61,3725290420734382083,https://www.instagram.com/p/DOy4-Z1CdAD/,NEEDS_JEN_APPROVAL,EXPERIENCE,BANK
97,JEN-STORY-3653616954558533585,Why imagine the dream when you can LIVE it in Tarzana?,,BUYER; SELLER,local life and homes,,61,3653616954558533585,https://www.instagram.com/p/DK0QUMxzk_R/,NEEDS_JEN_APPROVAL,EXPERIENCE,BANK
98,JEN-STORY-3643437616374682334,#MyHousesellersPresents,,SELLER,local life and homes,,61,3643437616374682334,https://www.instagram.com/p/DKQFzVVTxLe/,NEEDS_JEN_APPROVAL,EXPERIENCE,BANK
99,JEN-STORY-3628979267813808528,Why rent when you can OWN in LA?,,BUYER; SELLER,local life and homes,,61,3628979267813808528,https://www.instagram.com/p/DJcuWq7TJmQ/,NEEDS_JEN_APPROVAL,EXPERIENCE,BANK
100,JEN-STORY-3628150321391964082,🏡💫 JUST LISTED! 🏡💫,,BUYER; SELLER,local life and homes,,61,3628150321391964082,https://www.instagram.com/p/DJZx36aSY-y/,NEEDS_JEN_APPROVAL,EXPERIENCE,BANK
101,JEN-STORY-3623848522690601474,What if I told you… you 𝘥𝘰𝘯’𝘵 have to give it up?⁣,,BUYER; SELLER,local life and homes,,61,3623848522690601474,https://www.instagram.com/p/DJKfwgKzCIC/,DEIDENTIFIED,EXPERIENCE,BANK
102,JEN-STORY-3622322926113339355,"𝐇𝐢, 𝐈’𝐦 𝐉𝐞𝐧 — 𝐰𝐞𝐥𝐜𝐨𝐦𝐞! ✨⁣⁣",,BUYER; SELLER,local life and homes,,61,3622322926113339355,https://www.instagram.com/p/DJFE4JovTfb/,NEEDS_JEN_APPROVAL,EXPERIENCE,BANK
103,JEN-STORY-3425157952472748783,🏡🎉 JUST SOLD 🏡🎉,,BUYER; SELLER,decision clarity,,61,3425157952472748783,https://www.instagram.com/p/C-ImwKwvhLv/,NEEDS_JEN_APPROVAL,EXPERIENCE,BANK
104,JEN-STORY-2973052358068100492,#MyHouseSellersPresents,,SELLER,local life and homes,,61,2973052358068100492,https://www.instagram.com/p/ClCZ14lSV2M/,NEEDS_JEN_APPROVAL,EXPERIENCE,BANK
105,JEN-STORY-2963779057468095815,#MyHouseSellersPresents,,SELLER,local life and homes,,61,2963779057468095815,https://www.instagram.com/p/CkhdVmZIL1H/,NEEDS_JEN_APPROVAL,EXPERIENCE,BANK
106,JEN-STORY-2838078723008248630,Come dance into this beautiful estate with us this weekend!!,,SELLER,local life and homes,,61,2838078723008248630,https://www.instagram.com/p/Cdi4Y_RgDs2/,DEIDENTIFIED,EXPERIENCE,BANK
107,JEN-STORY-2319361655856893319,#MyHouseSellersPresents,,SELLER,local life and homes,,61,2319361655856893319,https://www.instagram.com/p/CAwByMzAw2H/,NEEDS_JEN_APPROVAL,EXPERIENCE,BANK
108,JEN-STORY-2309768158879340336,#MyHouseSellersPresents,,SELLER,local life and homes,,61,2309768158879340336,https://www.instagram.com/p/CAN8ecfgtcw/,NEEDS_JEN_APPROVAL,EXPERIENCE,BANK
109,JEN-STORY-2084315576691363932,#MyHouseSellersPresents,,SELLER,local life and homes,,61,2084315576691363932,https://www.instagram.com/p/Bzs-flMgJBc/,NEEDS_JEN_APPROVAL,EXPERIENCE,BANK
110,JEN-STORY-1974147119237320349,#MyHouseSellersPresents,,SELLER,local life and homes,,61,1974147119237320349,https://www.instagram.com/p/BtllFhwgE6d/,NEEDS_JEN_APPROVAL,EXPERIENCE,BANK
111,JEN-STORY-1959122555861649954,#MyHouseSellersPresents,,BUYER,local life and homes,,61,1959122555861649954,https://www.instagram.com/p/BswM5Wtlsoi/,NEEDS_JEN_APPROVAL,EXPERIENCE,BANK
112,JEN-STORY-1888052132383075468,COMING SOON! #MyHouseSellersPresents,,SELLER,local life and homes,,61,1888052132383075468,https://www.instagram.com/p/BoztWk8HKyM/,NEEDS_JEN_APPROVAL,EXPERIENCE,BANK
113,JEN-STORY-1685894003139542848,#MyHouseSellersPresents,,SELLER,local life and homes,,61,1685894003139542848,https://www.instagram.com/p/Bdlf6niF_9A/,NEEDS_JEN_APPROVAL,EXPERIENCE,BANK
114,JEN-STORY-3504862158636644708,"but even when things got so tough and overwhelming, we did it!","but even when things got so tough and overwhelming, we did it!",,motherhood and family life,,60,3504862158636644708,https://www.instagram.com/p/DCjxZBQPvlk/,NEEDS_JEN_APPROVAL,EXPERIENCE,BANK
115,JEN-STORY-3122303418836649604,i didn’t make it it to one sunrise 🫣 but i made it to 2 of 3 after parties!,i didn’t make it it to one sunrise 🫣 but i made it to 2 of 3 after parties!,,music community and belonging,,60,3122303418836649604,https://www.instagram.com/p/CtUpmqwvwaE/,DEIDENTIFIED,EXPERIENCE,BANK
116,JEN-STORY-2925911253937095052,"i was scared he would say no 😅 but fresh said if i don’t ask, then i won’t know. bpm the next year a","i was scared he would say no 😅 but fresh said if i don’t ask, then i won’t know. bpm the next year and we made it a mission to check him out whenever he came to spin in LA.",,music community and belonging,,60,2925911253937095052,https://www.instagram.com/p/Cia7MiHPQGM/,NEEDS_JEN_APPROVAL,EXPERIENCE,BANK
117,JEN-STORY-2855480825873697382,but it wasn’t all sunshine and rainbows. slowly but surely i found my rhythm again.,but it wasn’t all sunshine and rainbows. slowly but surely i found my rhythm again.,,music community and belonging,,60,2855480825873697382,https://www.instagram.com/p/CegtK6hJApm/,DEIDENTIFIED,EXPERIENCE,BANK
118,JEN-STORY-2811520351612635865,beyond wonderland 2019… i couldn’t enjoy myself. he made it through that.,beyond wonderland 2019… i couldn’t enjoy myself. he made it through that.,,music community and belonging,,60,2811520351612635865,https://www.instagram.com/p/CcEht0cpwrZ/,NEEDS_JEN_APPROVAL,EXPERIENCE,BANK
119,JEN-STORY-2597106529550119324,i actually didn’t meet one person from tampa. we made some special friends that we look forward to r,i actually didn’t meet one person from tampa. we made some special friends that we look forward to raving with again soon!,,music community and belonging,,60,2597106529550119324,https://www.instagram.com/p/CQKxqDprrGc/,NEEDS_JEN_APPROVAL,EXPERIENCE,BANK
120,JEN-STORY-2594817455812299249,i remember how much i freaked out when everything came to a screeching halt last year. but even amid,"i remember how much i freaked out when everything came to a screeching halt last year. but even amidst a pandemic, after a few shifts and adjustments, i had the best year of my career so far… and i couldn’t be more grateful for all of my clients and the real estate dreams i helped fulfill!",,grief growth and resilience,,60,2594817455812299249,https://www.instagram.com/p/CQCpLpmrMnx/,NEEDS_JEN_APPROVAL,EXPERIENCE,BANK
121,JEN-STORY-2323648490984579630,"the heaviness, sadness, anger and frustration the past few days have been overwhelming. shoutout to ","the heaviness, sadness, anger and frustration the past few days have been overwhelming. shoutout to my parents and grandma who put together a home cooked feast so i could celebrate with fam.",,grief growth and resilience,,60,2323648490984579630,https://www.instagram.com/p/CA_Qf3IAiIu/,NEEDS_JEN_APPROVAL,EXPERIENCE,BANK
122,JEN-STORY-1970685180043004501,"so i got hella sad when i heard the news of it closing down, and even a little bitter that there was","so i got hella sad when i heard the news of it closing down, and even a little bitter that there wasn’t good music for us to go visit one last time while we were in town a few weeks ago... throughout the LDR, and even after farrice moved to LA, we found ourselves coming back here time and time again, for bday celebrations, countless after shows, some of our most favorite DJs, or simply to just see what brought us together to begin with — music.",,music community and belonging,,60,1970685180043004501,https://www.instagram.com/p/BtZR7rolwpV/,NEEDS_JEN_APPROVAL,EXPERIENCE,BANK
123,JEN-STORY-1919377840253748210,"i got really sick one summer and when my stuffy nose had finally cleared, i realized i still couldn’","i got really sick one summer and when my stuffy nose had finally cleared, i realized i still couldn’t smell. i think i showed a property once where my client looked at me crazy for not smelling the gas that had probably been leaking in the house for some time.",,jen human lens,,60,1919377840253748210,https://www.instagram.com/p/Bqi__n2FMPy/,DEIDENTIFIED,EXPERIENCE,BANK
124,JEN-STORY-1914769955859421395,😩 honestly it was because i didn’t quite know what to post exactly for “novelty. ” i asked a few fri,"😩 honestly it was because i didn’t quite know what to post exactly for “novelty. ” i asked a few friends about their take on the word, and nothing just quite resonated with me.",,jen human lens,,60,1914769955859421395,https://www.instagram.com/p/BqSoSFFl1jT/,NEEDS_JEN_APPROVAL,EXPERIENCE,BANK
125,JEN-STORY-1909798071417816396,"what i didn’t know was where this love would take me. because of music, i found myself going on craz","what i didn’t know was where this love would take me. because of music, i found myself going on crazy adventures and traveling all over the country to see some of my favorite DJs, from los angeles and hollywood to las vegas, chicago, SF, new york, dallas, miami, and new orleans to name a few.",,music community and belonging,,60,1909798071417816396,https://www.instagram.com/p/BqA9zo3lcVM/,NEEDS_JEN_APPROVAL,EXPERIENCE,BANK
126,JEN-STORY-1803968177434961857,"my dad has always done his best to love and provide for our family, while others didn’t have that pr","my dad has always done his best to love and provide for our family, while others didn’t have that privilege, or no longer do. after i called my dad this morning, i sent out a few texts to greet some other fathers and more than one of the responses i received were “thank you so much, i really appreciate it.",,grief growth and resilience,,60,1803968177434961857,https://www.instagram.com/p/BkI-3_iHqfB/,NEEDS_JEN_APPROVAL,EXPERIENCE,BANK
127,JEN-STORY-1615381088838261632,"a year ago i almost didn't see [handle removed] at create, but i'm so thankful i did because that ni","a year ago i almost didn't see [handle removed] at create, but i'm so thankful i did because that night i met 2 of my favorite people. they reminded me so much of [handle removed] and me that i called him at 5am chicago time to wake his ass up to tell him all about them and how much fun i had with them that night.",,music community and belonging,,60,1615381088838261632,https://www.instagram.com/p/BZq_IqpFpuA/,NEEDS_JEN_APPROVAL,EXPERIENCE,BANK
128,JEN-STORY-1464886682833684343,and last week the universe brought you to me and your new home on the best coast 🤗 it feels like the,"and last week the universe brought you to me and your new home on the best coast 🤗 it feels like the next chapter and a new beginning all at the same time, and i couldn't be more excited for what's in store for us 😘😍 (plus now i can bug you ALL the time!",,jen human lens,,60,1464886682833684343,https://www.instagram.com/p/BRUUq0-gId3/,DEIDENTIFIED,EXPERIENCE,BANK
129,JEN-STORY-588706439577961257,I learned 3 chords on the uke and gave up lol.,I learned 3 chords on the uke and gave up lol.,,jen human lens,,60,588706439577961257,https://www.instagram.com/p/grgWNAB4Mp/,NEEDS_JEN_APPROVAL,EXPERIENCE,BANK
130,JEN-STORY-3849147185066457344,"Every seller’s situation is different, but the process shouldn’t feel confusing or overwhelming.","Every seller’s situation is different, but the process shouldn’t feel confusing or overwhelming.",SELLER,decision clarity,,59,3849147185066457344,https://www.instagram.com/p/DVq6vieFLkA/,DEIDENTIFIED,EXPERIENCE,BANK
131,JEN-STORY-3835456193314356901,having a plan makes the process feel a lot less overwhelming.,having a plan makes the process feel a lot less overwhelming.,BUYER; SELLER,decision clarity,,59,3835456193314356901,https://www.instagram.com/p/DU6RxYyEv6l/,DEIDENTIFIED,EXPERIENCE,BANK
132,JEN-STORY-3832499684502389957,Funny how life works… because now I can’t imagine calling anywhere else home.,Funny how life works… because now I can’t imagine calling anywhere else home.,SELLER,local life and homes,,59,3832499684502389957,https://www.instagram.com/p/DUvxihYj8TF/,DEIDENTIFIED,EXPERIENCE,BANK
133,JEN-STORY-3601233650171428926,Weekend vibe check: From festival fields to finalizing deals! 💥,,BUYER; SELLER,music community and belonging,,59,3601233650171428926,https://www.instagram.com/p/DH6Juy3psA-/,NEEDS_JEN_APPROVAL,EXPERIENCE,BANK
134,JEN-STORY-3446286670918958478,OCTOBER: We’ll want to start your search right away and get under contract by mid October in order t,OCTOBER: We’ll want to start your search right away and get under contract by mid October in order to have you in your new home by Thanksgiving.,BUYER; SELLER,local life and homes,,59,3446286670918958478,https://www.instagram.com/p/C_Tq3fOSb2O/,DEIDENTIFIED,EXPERIENCE,BANK
135,JEN-STORY-2902137125160835079,"Unfortunately, the first few months of hunting, it seemed like offer after offer, they kept getting ","Unfortunately, the first few months of hunting, it seemed like offer after offer, they kept getting rejected or beat out. We found the perfect one for them and both of their fur babies!",BUYER; SELLER,life transitions around home,,58,2902137125160835079,https://www.instagram.com/p/ChGdlbSr1gH/,DEIDENTIFIED,EXPERIENCE,BANK
136,JEN-STORY-2563477003872110140,"Our buyer didn’t think she could ever buy a property. After our initial meeting, we helped her get p","Our buyer didn’t think she could ever buy a property. After our initial meeting, we helped her get preapproved, and she was qualified for more than she realized.",BUYER,unclassified,,58,2563477003872110140,https://www.instagram.com/p/COTTMDNrgY8/,NEEDS_JEN_APPROVAL,EXPERIENCE,BANK
137,JEN-STORY-2460732685593763942,"we lost out on a few offers, but they didn’t give up. ultimately we were looking for THE ONE that fe","we lost out on a few offers, but they didn’t give up. ultimately we were looking for THE ONE that felt special and was perfect for them, and we found it!",BUYER,life transitions around home,,58,2460732685593763942,https://www.instagram.com/p/CImR1cMAmBm/,DEIDENTIFIED,EXPERIENCE,BANK
138,JEN-STORY-2738306190294156076,"With a lot of cities in the desert stopping the issuance of short term rental permits, our clients d","With a lot of cities in the desert stopping the issuance of short term rental permits, our clients didn’t know where the best place to buy would be. we managed to find them a property",,work clients never carried,HANDLED,57,2738306190294156076,https://www.instagram.com/p/CYAavjOvIMs/,NEEDS_JEN_APPROVAL,EXPERIENCE,BANK
139,JEN-STORY-3950734171021239319,"We hit the market on a Thursday, welcomed buyers through the weekend, and were in escrow by the begi","We hit the market on a Thursday, welcomed buyers through the weekend, and were in escrow by the beginning of the following week.",BUYER; SELLER,life transitions around home,,56,3950734171021239319,https://www.instagram.com/p/DbT08vxt-QX/,DEIDENTIFIED,EXPERIENCE,BANK
140,JEN-STORY-3931073944079175590,"✨ JUST SOLD | Fresno, CA ✨",,BUYER; SELLER,ownership and entrepreneurship,,56,3931073944079175590,https://www.instagram.com/p/DaN-uymog-m/,DEIDENTIFIED,EXPERIENCE,BANK
141,JEN-STORY-3836948651768425933,Multiple offers.,Multiple offers.,BUYER; SELLER,life transitions around home,,56,3836948651768425933,https://www.instagram.com/p/DU_lHhCEi3N/,DEIDENTIFIED,EXPERIENCE,BANK
142,JEN-STORY-3786202532327046863,✨ JUST SOLD in Simi Valley!,✨ JUST SOLD in Simi Valley!,BUYER,decision clarity,,56,3786202532327046863,https://www.instagram.com/p/DSLSySbCb7P/,NEEDS_JEN_APPROVAL,EXPERIENCE,BANK
143,JEN-STORY-3654258654347692132,I’m not sharing this to overwhelm you — it’s to help you feel more informed as you take this big ste,I’m not sharing this to overwhelm you — it’s to help you feel more informed as you take this big step.,BUYER,decision clarity,,56,3654258654347692132,https://www.instagram.com/p/DK2iOKRyohk/,DEIDENTIFIED,EXPERIENCE,BANK
144,JEN-STORY-3649352656993859322,🎉 JUST SOLD!,🎉 JUST SOLD!,SELLER,unclassified,,56,3649352656993859322,https://www.instagram.com/p/DKlGugMPzb6/,DEIDENTIFIED,EXPERIENCE,BANK
145,JEN-STORY-3428262513580978845,🏡🎉 JUST SOLD!,🏡🎉 JUST SOLD!,SELLER,unclassified,,56,3428262513580978845,https://www.instagram.com/p/C-TopemyDKd/,NEEDS_JEN_APPROVAL,EXPERIENCE,BANK
146,JEN-STORY-3228111966807283663,🏡🎉 JUST SOLD!,🏡🎉 JUST SOLD!,BUYER,life transitions around home,,56,3228111966807283663,https://www.instagram.com/p/CzMjrsEvFfP/,DEIDENTIFIED,EXPERIENCE,BANK
147,JEN-STORY-3114265655900288731,🏡🎉 JUST SOLD!,🏡🎉 JUST SOLD!,BUYER; SELLER,decision clarity,,56,3114265655900288731,https://www.instagram.com/p/Cs4GB0sIrbb/,NEEDS_JEN_APPROVAL,EXPERIENCE,BANK
148,JEN-STORY-3109237931928137666,🏡🎉 JUST SOLD!,🏡🎉 JUST SOLD!,BUYER; SELLER,unclassified,,56,3109237931928137666,https://www.instagram.com/p/CsmO2z2vy_C/,NEEDS_JEN_APPROVAL,EXPERIENCE,BANK
149,JEN-STORY-2999997089186823509,"I helped them find the perfect first home not just in time for Christmas, but for Elina’s birthday t","I helped them find the perfect first home not just in time for Christmas, but for Elina’s birthday too!",BUYER,life transitions around home,,56,2999997089186823509,https://www.instagram.com/p/CmiIXU8L71V/,NEEDS_JEN_APPROVAL,EXPERIENCE,BANK
150,JEN-STORY-2932614859661813034,"When their lease was about to come up the next year, we picked back up on the house hunting, but ran","When their lease was about to come up the next year, we picked back up on the house hunting, but ran into multiple offers.",SELLER,unclassified,,56,2932614859661813034,https://www.instagram.com/p/Ciyva1dLKUq/,DEIDENTIFIED,EXPERIENCE,BANK
151,JEN-STORY-2551041160679103847,"Her job wasn’t going to start for at least another month, and she wasn’t scheduled to arrive in LA f","Her job wasn’t going to start for at least another month, and she wasn’t scheduled to arrive in LA for at least another week.",BUYER; SELLER,unclassified,,56,2551041160679103847,https://www.instagram.com/p/CNnHmttrZ1n/,DEIDENTIFIED,EXPERIENCE,BANK
152,JEN-STORY-2546732489509919716,"We won against multiple offers, and didn’t have to pay an arm and a leg above list price lol.","We won against multiple offers, and didn’t have to pay an arm and a leg above list price lol.",BUYER; SELLER,life transitions around home,,56,2546732489509919716,https://www.instagram.com/p/CNXz7S_L1vk/,DEIDENTIFIED,EXPERIENCE,BANK
153,JEN-STORY-2413503690896914515,Sold in just 4 days with multiple offers above asking.,Sold in just 4 days with multiple offers above asking.,SELLER,market proof and numbers,,56,2413503690896914515,https://www.instagram.com/p/CF-fNHQAThT/,NEEDS_JEN_APPROVAL,EXPERIENCE,BANK
154,JEN-STORY-2272821565408167764,Multiple offers...,Multiple offers...,SELLER,market proof and numbers,,56,2272821565408167764,https://www.instagram.com/p/B-Kryv8AEdU/,NEEDS_JEN_APPROVAL,EXPERIENCE,BANK
155,JEN-STORY-2262144261803964117,Sold in a week with multiple offers and closed $31k over asking!,Sold in a week with multiple offers and closed $31k over asking!,BUYER; SELLER,market proof and numbers,,56,2262144261803964117,https://www.instagram.com/p/B9kwDiDg3bV/,NEEDS_JEN_APPROVAL,EXPERIENCE,BANK
156,JEN-STORY-2202634730711690609,Within 2 weeks we received multiple offers and closed on this beautifully remodeled townhome above a,Within 2 weeks we received multiple offers and closed on this beautifully remodeled townhome above asking price...,SELLER,unclassified,,56,2202634730711690609,https://www.instagram.com/p/B6RVJ4WAi1x/,NEEDS_JEN_APPROVAL,EXPERIENCE,BANK
157,JEN-STORY-2166938667803787169,Sold in under 2 weeks with multiple offers and closed above asking price.,Sold in under 2 weeks with multiple offers and closed above asking price.,BUYER; SELLER,unclassified,,56,2166938667803787169,https://www.instagram.com/p/B4SgzzIgL-h/,NEEDS_JEN_APPROVAL,EXPERIENCE,BANK
158,JEN-STORY-2099514862970519815,Sold in less than a week with multiple offers.,Sold in less than a week with multiple offers.,SELLER,unclassified,,56,2099514862970519815,https://www.instagram.com/p/B0i-aToAsEH/,NEEDS_JEN_APPROVAL,EXPERIENCE,BANK
159,JEN-STORY-2030046390781378861,We just closed on this amazing home on an expansive half acre lot in Lake Balboa.,We just closed on this amazing home on an expansive half acre lot in Lake Balboa.,BUYER; SELLER,unclassified,,56,2030046390781378861,https://www.instagram.com/p/BwsLG_QFoEt/,NEEDS_JEN_APPROVAL,EXPERIENCE,BANK
160,JEN-STORY-1756908216838286644,Listed and sold $23k over asking price with multiple offers in 2 weeks!,Listed and sold $23k over asking price with multiple offers in 2 weeks!,SELLER,market proof and numbers,,56,1756908216838286644,https://www.instagram.com/p/Bhhyrb3nG00/,NEEDS_JEN_APPROVAL,EXPERIENCE,BANK
161,JEN-STORY-1548129173208490238,another happy seller as i just closed on my client's 3rd unit in this mid-wilshire/koreatown buildin,another happy seller as i just closed on my client's 3rd unit in this mid-wilshire/koreatown building.,SELLER,unclassified,,56,1548129173208490238,https://www.instagram.com/p/BV8D0fbguD-/,DEIDENTIFIED,EXPERIENCE,BANK
162,JEN-STORY-1091513539241673611,"this is my 3rd unit sold in the building this year, with all of them receiving multiple offers and s","this is my 3rd unit sold in the building this year, with all of them receiving multiple offers and selling OVER asking price.",BUYER; SELLER,unclassified,,56,1091513539241673611,https://www.instagram.com/p/8l1cfmB4OL/,DEIDENTIFIED,EXPERIENCE,BANK
163,JEN-STORY-3971765591938800288,"They didn’t just update the kitchen—they brought in massive porcelain slabs, premium Thermador appli","They didn’t just update the kitchen—they brought in massive porcelain slabs, premium Thermador appliances, and real wood custom cabinetry.",,decision clarity,,55,3971765591938800288,https://www.instagram.com/p/Dcei8M2oZqg/,NEEDS_JEN_APPROVAL,EXPERIENCE,BANK
164,JEN-STORY-3946459077972999047,i’ll always do everything i can to help you find the best home for your budget. 🏡,,BUYER,local life and homes,,54,3946459077972999047,https://www.instagram.com/p/DbEo59HMjuH/,DEIDENTIFIED,EXPERIENCE,BANK
165,JEN-STORY-3846297804944141097,Porter Ranch living… without the $1M+ price tag. 👀,,BUYER; SELLER,local life and homes,,54,3846297804944141097,https://www.instagram.com/p/DVgy3mcD2sp/,DEIDENTIFIED,EXPERIENCE,BANK
166,JEN-STORY-3785519468421022862,but here we are.,but here we are.,BUYER,music community and belonging,,54,3785519468421022862,https://www.instagram.com/p/DSI3eZlj4SO/,NEEDS_JEN_APPROVAL,EXPERIENCE,BANK
167,JEN-STORY-3685596965112699654,"We planned, we packed, and honestly… we braced ourselves.","We planned, we packed, and honestly… we braced ourselves.",BUYER,travel and experience design,,54,3685596965112699654,https://www.instagram.com/p/DMl3umizNsG/,NEEDS_JEN_APPROVAL,EXPERIENCE,BANK
168,JEN-STORY-3612367634891265864,DID IT AGAIN! 👏🏼,,BUYER; SELLER,decision clarity,,54,3612367634891265864,https://www.instagram.com/p/DIhtTmLz9dI/,DEIDENTIFIED,EXPERIENCE,BANK
169,JEN-STORY-3486251852130435694,DON’T SKIP THESE QUESTIONS 👇,,BUYER; SELLER,decision clarity,,54,3486251852130435694,https://www.instagram.com/p/DBhp5aryEJu/,DEIDENTIFIED,EXPERIENCE,BANK
170,JEN-STORY-3458523255001320727,Let’s zoom out a few decades in order to put the current 30 year fixed mortgage rates into perspecti,,BUYER; SELLER,market proof and numbers,,54,3458523255001320727,https://www.instagram.com/p/C__JJONyA0X/,DEIDENTIFIED,EXPERIENCE,BANK
171,JEN-STORY-3454951779098036646,Step into a world where luxury meets tranquility. This Encino masterpiece at [address removed] isn’t,,BUYER,local life and homes,,54,3454951779098036646,https://www.instagram.com/p/C_ydFaFPgmm/,NEEDS_JEN_APPROVAL,EXPERIENCE,BANK
172,JEN-STORY-3097545621241288708,"when i first told mom which house it was, she wasn’t sure.","when i first told mom which house it was, she wasn’t sure.",SELLER,grief growth and resilience,,54,3097545621241288708,https://www.instagram.com/p/Cr8sVS9p1gE/,DEIDENTIFIED,EXPERIENCE,BANK
173,JEN-STORY-2923821348360719921,"This worried them at first, but I put them in touch with one of our great lenders, [handle removed],","This worried them at first, but I put them in touch with one of our great lenders, [handle removed], and was able to help ease their concerns with the shifting market. In a few short weeks we found THE home.",,life transitions around home,,54,2923821348360719921,https://www.instagram.com/p/CiTgAZ3vo4x/,NEEDS_JEN_APPROVAL,EXPERIENCE,BANK
174,JEN-STORY-2617150933941826568,"With homes going $100K+ above market, they almost didn’t even want to look at this one because it wo","With homes going $100K+ above market, they almost didn’t even want to look at this one because it would completely price them way out of budget.",BUYER,travel and experience design,,54,2617150933941826568,https://www.instagram.com/p/CRR_Oh9LzQI/,DEIDENTIFIED,EXPERIENCE,BANK
175,JEN-STORY-2375736095636828272,"And what we found was that we could give you all so much more from the site, designs, content, and m","And what we found was that we could give you all so much more from the site, designs, content, and more.",BUYER,music community and belonging,,54,2375736095636828272,https://www.instagram.com/p/CD4T2RMgbBw/,NEEDS_JEN_APPROVAL,EXPERIENCE,BANK
176,JEN-STORY-2360455499041798495,It’s usually a little bittersweet for our clients when we help them sell their first home ever. This,,SELLER,life transitions around home,,54,2360455499041798495,https://www.instagram.com/p/CDCBcUogPlf/,NEEDS_JEN_APPROVAL,EXPERIENCE,BANK
177,JEN-STORY-1920829477862357983,"yes, sometimes it’s scary, but some of those most amazing things are on the other side of fear.","yes, sometimes it’s scary, but some of those most amazing things are on the other side of fear.",SELLER,travel and experience design,,54,1920829477862357983,https://www.instagram.com/p/BqoKDuuFbvf/,DEIDENTIFIED,EXPERIENCE,BANK
178,JEN-STORY-3240314087030977552,then another roller coaster of emotions with a trip to the NICU and getting discharged from the hosp,then another roller coaster of emotions with a trip to the NICU and getting discharged from the hospital without your baby.,,motherhood and family life,,53,3240314087030977552,https://www.instagram.com/p/Cz36H6GLPQQ/,NEEDS_JEN_APPROVAL,EXPERIENCE,BANK
179,JEN-STORY-3948485959372806707,Still searching for the perfect place to lease?,,SELLER,unclassified,,51,3948485959372806707,https://www.instagram.com/p/DbL1w9hCJoz/,DEIDENTIFIED,EXPERIENCE,BANK
180,JEN-STORY-3924045424729576679,POV: you show up to host an open house and somehow end up filming social media content instead. 🎬🏡,,SELLER,unclassified,,51,3924045424729576679,https://www.instagram.com/p/DZ1AoX3gNTn/,DEIDENTIFIED,EXPERIENCE,BANK
181,JEN-STORY-3916002805529745750,JUST LISTED | CHATSWORTH ✨,,SELLER,unclassified,,51,3916002805529745750,https://www.instagram.com/p/DZYb83DCJlW/,DEIDENTIFIED,EXPERIENCE,BANK
182,JEN-STORY-3847097103709701262,✨ JUST LISTED IN CANOGA PARK ✨,,SELLER,decision clarity,,51,3847097103709701262,https://www.instagram.com/p/DVjom7bDQSO/,NEEDS_JEN_APPROVAL,EXPERIENCE,BANK
183,JEN-STORY-3816678019335550250,✨ JUST SOLD | SHERWOOD FOREST ✨,,BUYER; SELLER,decision clarity,,51,3816678019335550250,https://www.instagram.com/p/DT3kG_ciXUq/,DEIDENTIFIED,EXPERIENCE,BANK
184,JEN-STORY-3714403986221114440,Just Sold ✨,,BUYER,decision clarity,,51,3714403986221114440,https://www.instagram.com/p/DOMNr7nASRI/,DEIDENTIFIED,EXPERIENCE,BANK
185,JEN-STORY-3647705087699886023,"As a Realtor for over 13 years, I’ve seen it all — from wild bidding wars to balanced (and sometimes",,BUYER; SELLER,unclassified,,51,3647705087699886023,https://www.instagram.com/p/DKfQHNtvJ_H/,NEEDS_JEN_APPROVAL,EXPERIENCE,BANK
186,JEN-STORY-3515925498306258739,BOOM! we are officially in escrow in about a week 🏡💥,,SELLER,unclassified,,51,3515925498306258739,https://www.instagram.com/p/DDLE5zPSGcz/,DEIDENTIFIED,EXPERIENCE,BANK
187,JEN-STORY-3328778007661120870,🏡✨ JUST LISTED! 🏡✨,,SELLER,market proof and numbers,,51,3328778007661120870,https://www.instagram.com/p/C4yMfYaxg1m/,NEEDS_JEN_APPROVAL,EXPERIENCE,BANK
188,JEN-STORY-3082430181122259824,🏡💫 JUST LISTED! 🏡💫,,SELLER,market proof and numbers,,51,3082430181122259824,https://www.instagram.com/p/CrG_esWvDtw/,NEEDS_JEN_APPROVAL,EXPERIENCE,BANK
189,JEN-STORY-2947796009938308281,#MyHouseSellersPresents,,SELLER,unclassified,,51,2947796009938308281,https://www.instagram.com/p/CjorNpar8y5/,NEEDS_JEN_APPROVAL,EXPERIENCE,BANK
190,JEN-STORY-2928243166449294329,#MyHouseSellersPresents,,SELLER,unclassified,,51,2928243166449294329,https://www.instagram.com/p/CijNaU4LNv5/,NEEDS_JEN_APPROVAL,EXPERIENCE,BANK
191,JEN-STORY-2911510928529810565,#MyHouseSellersPresents,,SELLER,unclassified,,51,2911510928529810565,https://www.instagram.com/p/Chnw8N-r-SF/,NEEDS_JEN_APPROVAL,EXPERIENCE,BANK
192,JEN-STORY-2831850514674366782,#MyHouseSellersPresents,,SELLER,unclassified,,51,2831850514674366782,https://www.instagram.com/p/CdMwQoQLDk-/,NEEDS_JEN_APPROVAL,EXPERIENCE,BANK
193,JEN-STORY-2775098081442432515,#MyHouseSellersPresents,,SELLER,unclassified,,51,2775098081442432515,https://www.instagram.com/p/CaDIQCBPoYD/,NEEDS_JEN_APPROVAL,EXPERIENCE,BANK
194,JEN-STORY-2344499694211743726,#MyHouseSellersPresents,,SELLER,life transitions around home,,51,2344499694211743726,https://www.instagram.com/p/CCJVgzZgL_u/,NEEDS_JEN_APPROVAL,EXPERIENCE,BANK
195,JEN-STORY-2299565866183907214,#MyHouseSellersPresents,,SELLER,unclassified,,51,2299565866183907214,https://www.instagram.com/p/B_psvi_gVeO/,NEEDS_JEN_APPROVAL,EXPERIENCE,BANK
196,JEN-STORY-2107044490152968370,#MyHouseSellersPresents,,SELLER,unclassified,,51,2107044490152968370,https://www.instagram.com/p/B09uczZgwCy/,NEEDS_JEN_APPROVAL,EXPERIENCE,BANK
197,JEN-STORY-2056894897134311052,"With almost no money down, they thought their dreams of being homeowners would never come true, but ",,BUYER,unclassified,,51,2056894897134311052,https://www.instagram.com/p/ByLjwLUARaM/,NEEDS_JEN_APPROVAL,EXPERIENCE,BANK
198,JEN-STORY-1961143196752256456,OPEN HOUSE TODAY!,,SELLER,local life and homes,,51,1961143196752256456,https://www.instagram.com/p/Bs3YVjMF53I/,NEEDS_JEN_APPROVAL,EXPERIENCE,BANK
199,JEN-STORY-1911111366368202527,"as we observe veterans day today, THANK YOU and happy veterans day to my friends, family, and all th",,BUYER,unclassified,,51,1911111366368202527,https://www.instagram.com/p/BqFoamGlo8f/,NEEDS_JEN_APPROVAL,EXPERIENCE,BANK
200,JEN-STORY-2937586511736146081,calvin harris was actually the main reason we decided to get tickets this year.,calvin harris was actually the main reason we decided to get tickets this year.,,music community and belonging,,50,2937586511736146081,https://www.instagram.com/p/CjEZ15RAwih/,NEEDS_JEN_APPROVAL,EXPERIENCE,BANK
