source_id,creator,platform,url,pillar,editorial_use,review,views,outlier,baseline_kind,posted_at,paid_status,source_file
ig:Db6xbxqgpfn,khrissellstampa,Instagram,https://www.instagram.com/reel/Db6xbxqgpfn/,P1: Money you can live with,TOPIC_REVIEW,SEARCH_ONLY,154900.0,167.7,creator_median_reported_by_provider,,UNKNOWN,/Users/farricecain/.codex/worktrees/35aa/Google Antigravity/_active/clients/jen-listings/04-deliverables/social-content/2026-09-06-vidiq-production-run/evidence/05-myths.json
ig:DcPSPFAzzfP,realtorjessicacueva,Instagram,https://www.instagram.com/reel/DcPSPFAzzfP/,P1: Money you can live with,CRAFT_ONLY,VIDEO_ANALYSIS_REVIEWED,1900000.0,4685.5,creator_median_reported_by_provider,,UNKNOWN,/Users/farricecain/.codex/worktrees/35aa/Google Antigravity/_active/clients/jen-listings/04-deliverables/social-content/2026-09-06-vidiq-production-run/evidence/inherited/01-buyer-concepts-success.json
ig:Dbwh7a1TsA2,realmortgagedude,Instagram,https://www.instagram.com/reel/Dbwh7a1TsA2/,P1: Money you can live with,TOPIC_REVIEW,SEARCH_ONLY,261399.99999999997,98.6,creator_median_reported_by_provider,,UNKNOWN,/Users/farricecain/.codex/worktrees/35aa/Google Antigravity/_active/clients/jen-listings/04-deliverables/social-content/2026-09-06-vidiq-production-run/evidence/05-myths.json
ig:DceCOpRjmnC,republicanstandard,Instagram,https://www.instagram.com/reel/DceCOpRjmnC/,P1: Money you can live with,TOPIC_REVIEW,SEARCH_ONLY,456500.0,160.0,creator_median_reported_by_provider,,UNKNOWN,/Users/farricecain/.codex/worktrees/35aa/Google Antigravity/_active/clients/jen-listings/04-deliverables/social-content/2026-09-06-vidiq-production-run/evidence/05-myths.json
tt:7671828579625241869,ohwaryanahchynah8,TikTok,https://www.tiktok.com/@ohwaryanahchynah8/video/7671828579625241869,P1: Money you can live with,CRAFT_ONLY,SEARCH_ONLY,403400.0,61.2,creator_median_reported_by_provider,,UNKNOWN,/Users/farricecain/.codex/worktrees/35aa/Google Antigravity/_active/clients/jen-listings/04-deliverables/social-content/2026-09-06-vidiq-production-run/evidence/inherited/01-buyer-concepts-success.json
tt:7674794747663322398,thecierrathompson,TikTok,https://www.tiktok.com/@thecierrathompson/video/7674794747663322398,P1: Money you can live with,CRAFT_ONLY,SEARCH_ONLY,196500.0,26.2,creator_median_reported_by_provider,,UNKNOWN,/Users/farricecain/.codex/worktrees/35aa/Google Antigravity/_active/clients/jen-listings/04-deliverables/social-content/2026-09-06-vidiq-production-run/evidence/inherited/01-buyer-concepts-success.json
tt:7671409577304296735,cartercofield,TikTok,https://www.tiktok.com/@cartercofield/video/7671409577304296735,P1: Money you can live with,CRAFT_ONLY,SEARCH_ONLY,194400.0,67.3,creator_median_reported_by_provider,,UNKNOWN,/Users/farricecain/.codex/worktrees/35aa/Google Antigravity/_active/clients/jen-listings/04-deliverables/social-content/2026-09-06-vidiq-production-run/evidence/inherited/01-buyer-concepts-success.json
tt:7671498866214145311,themortgagebawse,TikTok,https://www.tiktok.com/@themortgagebawse/video/7671498866214145311,P1: Money you can live with,CRAFT_ONLY,SEARCH_ONLY,102200.0,25.1,creator_median_reported_by_provider,,UNKNOWN,/Users/farricecain/.codex/worktrees/35aa/Google Antigravity/_active/clients/jen-listings/04-deliverables/social-content/2026-09-06-vidiq-production-run/evidence/inherited/01-buyer-concepts-success.json
ig:DcUbuTnTOOu,mikko.lucernas_vegasrealtor,Instagram,https://www.instagram.com/reel/DcUbuTnTOOu/,P1: Money you can live with,CRAFT_ONLY,VIDEO_ANALYSIS_REVIEWED,992900.0,168.3,creator_median_reported_by_provider,,UNKNOWN,/Users/farricecain/.codex/worktrees/35aa/Google Antigravity/_active/clients/jen-listings/04-deliverables/social-content/2026-09-06-vidiq-production-run/evidence/inherited/02-faceless-formats-success.json
ig:DcAJdUvBDXO,brickhomehaven,Instagram,https://www.instagram.com/reel/DcAJdUvBDXO/,P5: Seeing through the listing,CRAFT_ONLY,VIDEO_ANALYSIS_REVIEWED,1300000.0,39.3,creator_median_reported_by_provider,,UNKNOWN,/Users/farricecain/.codex/worktrees/35aa/Google Antigravity/_active/clients/jen-listings/04-deliverables/social-content/2026-09-06-vidiq-production-run/evidence/inherited/02-faceless-formats-success.json
ig:DcY8uiOOM1p,wellandcrunchy,Instagram,https://www.instagram.com/reel/DcY8uiOOM1p/,CRAFT: Adjacent or unrelated,CRAFT_ONLY,SEARCH_ONLY,500800.0,129.4,creator_median_reported_by_provider,,UNKNOWN,/Users/farricecain/.codex/worktrees/35aa/Google Antigravity/_active/clients/jen-listings/04-deliverables/social-content/2026-09-06-vidiq-production-run/evidence/inherited/02-faceless-formats-success.json
ig:DcHaTlYvEUR,thatprettyfind,Instagram,https://www.instagram.com/reel/DcHaTlYvEUR/,CRAFT: Adjacent or unrelated,CRAFT_ONLY,SEARCH_ONLY,1600000.0,97.6,creator_median_reported_by_provider,,UNKNOWN,/Users/farricecain/.codex/worktrees/35aa/Google Antigravity/_active/clients/jen-listings/04-deliverables/social-content/2026-09-06-vidiq-production-run/evidence/inherited/02-faceless-formats-success.json
tt:7675186241033342238,godleyprairiecottage,TikTok,https://www.tiktok.com/@godleyprairiecottage/video/7675186241033342238,P5: Seeing through the listing,CRAFT_ONLY,SEARCH_ONLY,60500.0,48.7,creator_median_reported_by_provider,,UNKNOWN,/Users/farricecain/.codex/worktrees/35aa/Google Antigravity/_active/clients/jen-listings/04-deliverables/social-content/2026-09-06-vidiq-production-run/evidence/inherited/02-faceless-formats-success.json
tt:7677044974805945631,fly.with.julie,TikTok,https://www.tiktok.com/@fly.with.julie/video/7677044974805945631,CRAFT: Adjacent or unrelated,CRAFT_ONLY,SEARCH_ONLY,115300.0,50.4,creator_median_reported_by_provider,,UNKNOWN,/Users/farricecain/.codex/worktrees/35aa/Google Antigravity/_active/clients/jen-listings/04-deliverables/social-content/2026-09-06-vidiq-production-run/evidence/inherited/02-faceless-formats-success.json
tt:7676584725762329887,cbsnewstexas,TikTok,https://www.tiktok.com/@cbsnewstexas/video/7676584725762329887,CRAFT: Adjacent or unrelated,CRAFT_ONLY,SEARCH_ONLY,958500.0,44.8,creator_median_reported_by_provider,,UNKNOWN,/Users/farricecain/.codex/worktrees/35aa/Google Antigravity/_active/clients/jen-listings/04-deliverables/social-content/2026-09-06-vidiq-production-run/evidence/inherited/02-faceless-formats-success.json
tt:7673226400358272270,warren.buffett.mo,TikTok,https://www.tiktok.com/@warren.buffett.mo/video/7673226400358272270,P1: Money you can live with,CRAFT_ONLY,SEARCH_ONLY,702400.0,329.8,creator_median_reported_by_provider,,UNKNOWN,/Users/farricecain/.codex/worktrees/35aa/Google Antigravity/_active/clients/jen-listings/04-deliverables/social-content/2026-09-06-vidiq-production-run/evidence/inherited/02-faceless-formats-success.json
ig:DcoH3nVxEaG,brendaroseinvests,Instagram,https://www.instagram.com/reel/DcoH3nVxEaG/,CRAFT: Adjacent or unrelated,CRAFT_ONLY,SEARCH_ONLY,94200.0,37.8,creator_median_reported_by_provider,,UNKNOWN,/Users/farricecain/.codex/worktrees/35aa/Google Antigravity/_active/clients/jen-listings/04-deliverables/social-content/2026-09-06-vidiq-production-run/evidence/07-diagrams.json
ig:DcTb9M9xLC0,moneyletter,Instagram,https://www.instagram.com/reel/DcTb9M9xLC0/,P1: Money you can live with,CRAFT_ONLY,VIDEO_ANALYSIS_REVIEWED,2200000.0,296.3,creator_median_reported_by_provider,,UNKNOWN,/Users/farricecain/.codex/worktrees/35aa/Google Antigravity/_active/clients/jen-listings/04-deliverables/social-content/2026-09-06-vidiq-production-run/evidence/inherited/03-visual-explainers-success.json
ig:DcMa-pMB_Yd,munchknowshomes,Instagram,https://www.instagram.com/reel/DcMa-pMB_Yd/,CRAFT: Adjacent or unrelated,CRAFT_ONLY,SEARCH_ONLY,1200000.0,23.7,creator_median_reported_by_provider,,UNKNOWN,/Users/farricecain/.codex/worktrees/35aa/Google Antigravity/_active/clients/jen-listings/04-deliverables/social-content/2026-09-06-vidiq-production-run/evidence/inherited/03-visual-explainers-success.json
ig:Dcg57IwvRrq,gigglewiththegefres,Instagram,https://www.instagram.com/reel/Dcg57IwvRrq/,P5: Seeing through the listing,CRAFT_ONLY,VIDEO_ANALYSIS_REVIEWED,1200000.0,465.2,creator_median_reported_by_provider,,UNKNOWN,/Users/farricecain/.codex/worktrees/35aa/Google Antigravity/_active/clients/jen-listings/04-deliverables/social-content/2026-09-06-vidiq-production-run/evidence/inherited/03-visual-explainers-success.json
tt:7675281880870112543,jiangtheexplainer1,TikTok,https://www.tiktok.com/@jiangtheexplainer1/video/7675281880870112543,CRAFT: Adjacent or unrelated,CRAFT_ONLY,SEARCH_ONLY,92100.0,119.2,creator_median_reported_by_provider,,UNKNOWN,/Users/farricecain/.codex/worktrees/35aa/Google Antigravity/_active/clients/jen-listings/04-deliverables/social-content/2026-09-06-vidiq-production-run/evidence/inherited/03-visual-explainers-success.json
tt:7673709606773804318,kingba2026,TikTok,https://www.tiktok.com/@kingba2026/video/7673709606773804318,CRAFT: Adjacent or unrelated,CRAFT_ONLY,SEARCH_ONLY,26800000.0,2561.3,creator_median_reported_by_provider,,UNKNOWN,/Users/farricecain/.codex/worktrees/35aa/Google Antigravity/_active/clients/jen-listings/04-deliverables/social-content/2026-09-06-vidiq-production-run/evidence/inherited/03-visual-explainers-success.json
tt:7672014619346504990,clear.rock,TikTok,https://www.tiktok.com/@clear.rock/video/7672014619346504990,P5: Seeing through the listing,CRAFT_ONLY,SEARCH_ONLY,124700.0,257.1,creator_median_reported_by_provider,,UNKNOWN,/Users/farricecain/.codex/worktrees/35aa/Google Antigravity/_active/clients/jen-listings/04-deliverables/social-content/2026-09-06-vidiq-production-run/evidence/inherited/03-visual-explainers-success.json
tt:7673499041933626637,theofrvahgc,TikTok,https://www.tiktok.com/@theofrvahgc/video/7673499041933626637,P5: Seeing through the listing,CRAFT_ONLY,SEARCH_ONLY,73400.0,237.5,creator_median_reported_by_provider,,UNKNOWN,/Users/farricecain/.codex/worktrees/35aa/Google Antigravity/_active/clients/jen-listings/04-deliverables/social-content/2026-09-06-vidiq-production-run/evidence/inherited/03-visual-explainers-success.json
ig:DcgaBnnFcZo,homewithalania,Instagram,https://www.instagram.com/reel/DcgaBnnFcZo/,CRAFT: Adjacent or unrelated,CRAFT_ONLY,SEARCH_ONLY,592300.0,214.5,creator_median_reported_by_provider,,UNKNOWN,/Users/farricecain/.codex/worktrees/35aa/Google Antigravity/_active/clients/jen-listings/04-deliverables/social-content/2026-09-06-vidiq-production-run/evidence/inherited/04-reveal-crossover-success.json
ig:DcLkuStJxjJ,spacextended_architects,Instagram,https://www.instagram.com/reel/DcLkuStJxjJ/,P5: Seeing through the listing,CRAFT_ONLY,VIDEO_ANALYSIS_REVIEWED,105800.0,33.2,creator_median_reported_by_provider,,UNKNOWN,/Users/farricecain/.codex/worktrees/35aa/Google Antigravity/_active/clients/jen-listings/04-deliverables/social-content/2026-09-06-vidiq-production-run/evidence/inherited/04-reveal-crossover-success.json
ig:DbyFoSFMZwA,victoriachiorescu,Instagram,https://www.instagram.com/reel/DbyFoSFMZwA/,CRAFT: Adjacent or unrelated,CRAFT_ONLY,SEARCH_ONLY,547000.0,14.4,creator_median_reported_by_provider,,UNKNOWN,/Users/farricecain/.codex/worktrees/35aa/Google Antigravity/_active/clients/jen-listings/04-deliverables/social-content/2026-09-06-vidiq-production-run/evidence/inherited/04-reveal-crossover-success.json
ig:DcJSQ1jpuLJ,sk.architects_planners_,Instagram,https://www.instagram.com/reel/DcJSQ1jpuLJ/,P5: Seeing through the listing,CRAFT_ONLY,SEARCH_ONLY,1100000.0,465.8,creator_median_reported_by_provider,,UNKNOWN,/Users/farricecain/.codex/worktrees/35aa/Google Antigravity/_active/clients/jen-listings/04-deliverables/social-content/2026-09-06-vidiq-production-run/evidence/inherited/04-reveal-crossover-success.json
tt:7674831371134700813,outdoorswitherik,TikTok,https://www.tiktok.com/@outdoorswitherik/video/7674831371134700813,CRAFT: Adjacent or unrelated,CRAFT_ONLY,SEARCH_ONLY,2100000.0,362.1,creator_median_reported_by_provider,,UNKNOWN,/Users/farricecain/.codex/worktrees/35aa/Google Antigravity/_active/clients/jen-listings/04-deliverables/social-content/2026-09-06-vidiq-production-run/evidence/inherited/04-reveal-crossover-success.json
tt:7671402619277036814,kendrahhlopezz,TikTok,https://www.tiktok.com/@kendrahhlopezz/video/7671402619277036814,P5: Seeing through the listing,CRAFT_ONLY,SEARCH_ONLY,561500.0,349.7,creator_median_reported_by_provider,,UNKNOWN,/Users/farricecain/.codex/worktrees/35aa/Google Antigravity/_active/clients/jen-listings/04-deliverables/social-content/2026-09-06-vidiq-production-run/evidence/inherited/04-reveal-crossover-success.json
tt:7676283333046717709,nolon.cleaning,TikTok,https://www.tiktok.com/@nolon.cleaning/video/7676283333046717709,CRAFT: Adjacent or unrelated,CRAFT_ONLY,SEARCH_ONLY,2000000.0,844.6,creator_median_reported_by_provider,,UNKNOWN,/Users/farricecain/.codex/worktrees/35aa/Google Antigravity/_active/clients/jen-listings/04-deliverables/social-content/2026-09-06-vidiq-production-run/evidence/inherited/04-reveal-crossover-success.json
tt:7671735256805870879,cammtayyy,TikTok,https://www.tiktok.com/@cammtayyy/video/7671735256805870879,CRAFT: Adjacent or unrelated,CRAFT_ONLY,SEARCH_ONLY,334100.0,98.9,creator_median_reported_by_provider,,UNKNOWN,/Users/farricecain/.codex/worktrees/35aa/Google Antigravity/_active/clients/jen-listings/04-deliverables/social-content/2026-09-06-vidiq-production-run/evidence/inherited/04-reveal-crossover-success.json
ig:DbCO1BixePL,meres_mortgage,Instagram,https://www.instagram.com/reel/DbCO1BixePL/,P3: Someone on your side,TOPIC_REVIEW,SEARCH_ONLY,437600.0,22.2,creator_median_reported_by_provider,,UNKNOWN,/Users/farricecain/.codex/worktrees/35aa/Google Antigravity/_active/clients/jen-listings/04-deliverables/social-content/2026-09-06-vidiq-production-run/evidence/01-programs.json
ig:DaeISNIvf3s,realtorkina,Instagram,https://www.instagram.com/reel/DaeISNIvf3s/,P1: Money you can live with,TOPIC_REVIEW,VIDEO_UNAVAILABLE_REFUNDED,120100.0,20.3,creator_median_reported_by_provider,,UNKNOWN,/Users/farricecain/.codex/worktrees/35aa/Google Antigravity/_active/clients/jen-listings/04-deliverables/social-content/2026-09-06-vidiq-production-run/evidence/07-diagrams.json
ig:DadozwDhJRU,realmortgagedude,Instagram,https://www.instagram.com/reel/DadozwDhJRU/,P1: Money you can live with,TOPIC_REVIEW,SEARCH_ONLY,350700.0,107.1,creator_median_reported_by_provider,,UNKNOWN,/Users/farricecain/.codex/worktrees/35aa/Google Antigravity/_active/clients/jen-listings/04-deliverables/social-content/2026-09-06-vidiq-production-run/evidence/07-diagrams.json
ig:DaQ0WvSoD3H,thecowboyofrealestate,Instagram,https://www.instagram.com/reel/DaQ0WvSoD3H/,P1: Money you can live with,TOPIC_REVIEW,SEARCH_ONLY,271900.0,13.9,creator_median_reported_by_provider,,UNKNOWN,/Users/farricecain/.codex/worktrees/35aa/Google Antigravity/_active/clients/jen-listings/04-deliverables/social-content/2026-09-06-vidiq-production-run/evidence/01-programs.json
ig:Db8fhWWiVv4,thatonemortgageguy,Instagram,https://www.instagram.com/reel/Db8fhWWiVv4/,P1: Money you can live with,TOPIC_REVIEW,VIDEO_ANALYSIS_REVIEWED,102200.0,47.9,creator_median_reported_by_provider,,UNKNOWN,/Users/farricecain/.codex/worktrees/35aa/Google Antigravity/_active/clients/jen-listings/04-deliverables/social-content/2026-09-06-vidiq-production-run/evidence/02-real-numbers.json
tt:7663242327015787790,mortgagemandy,TikTok,https://www.tiktok.com/@mortgagemandy/video/7663242327015787790,P1: Money you can live with,TOPIC_REVIEW,SEARCH_ONLY,86400.0,26.9,creator_median_reported_by_provider,,UNKNOWN,/Users/farricecain/.codex/worktrees/35aa/Google Antigravity/_active/clients/jen-listings/04-deliverables/social-content/2026-09-06-vidiq-production-run/evidence/exp-resource-relatable.json
tt:7670992927471979807,.mylifeordebt,TikTok,https://www.tiktok.com/@.mylifeordebt/video/7670992927471979807,P1: Money you can live with,TOPIC_REVIEW,SEARCH_ONLY,204700.0,5.0,creator_median_reported_by_provider,,UNKNOWN,/Users/farricecain/.codex/worktrees/35aa/Google Antigravity/_active/clients/jen-listings/04-deliverables/social-content/2026-09-06-vidiq-production-run/evidence/01-programs.json
tt:7672843729018899743,realmortgagementor,TikTok,https://www.tiktok.com/@realmortgagementor/video/7672843729018899743,P1: Money you can live with,TOPIC_REVIEW,SEARCH_ONLY,267000.0,33.9,creator_median_reported_by_provider,,UNKNOWN,/Users/farricecain/.codex/worktrees/35aa/Google Antigravity/_active/clients/jen-listings/04-deliverables/social-content/2026-09-06-vidiq-production-run/evidence/02-real-numbers.json
tt:7660651637454736654,emilywakeford_,TikTok,https://www.tiktok.com/@emilywakeford_/video/7660651637454736654,P1: Money you can live with,TOPIC_REVIEW,SEARCH_ONLY,472000.0,223.0,creator_median_reported_by_provider,,UNKNOWN,/Users/farricecain/.codex/worktrees/35aa/Google Antigravity/_active/clients/jen-listings/04-deliverables/social-content/2026-09-06-vidiq-production-run/evidence/02-real-numbers.json
tt:7667334012507016461,atxdfwnewhomedeals,TikTok,https://www.tiktok.com/@atxdfwnewhomedeals/video/7667334012507016461,P1: Money you can live with,TOPIC_REVIEW,SEARCH_ONLY,157300.0,247.5,creator_median_reported_by_provider,,UNKNOWN,/Users/farricecain/.codex/worktrees/35aa/Google Antigravity/_active/clients/jen-listings/04-deliverables/social-content/2026-09-06-vidiq-production-run/evidence/02-real-numbers.json
ig:DZ79hdMJJcI,vipmortgagelasvegas,Instagram,https://www.instagram.com/reel/DZ79hdMJJcI/,P1: Money you can live with,TOPIC_REVIEW,SEARCH_ONLY,171100.0,16.5,creator_median_reported_by_provider,,UNKNOWN,/Users/farricecain/.codex/worktrees/35aa/Google Antigravity/_active/clients/jen-listings/04-deliverables/social-content/2026-09-06-vidiq-production-run/evidence/02-real-numbers.json
ig:DasobMGuqV_,albsthelender,Instagram,https://www.instagram.com/reel/DasobMGuqV_/,P1: Money you can live with,TOPIC_REVIEW,SEARCH_ONLY,103300.0,47.9,creator_median_reported_by_provider,,UNKNOWN,/Users/farricecain/.codex/worktrees/35aa/Google Antigravity/_active/clients/jen-listings/04-deliverables/social-content/2026-09-06-vidiq-production-run/evidence/02-real-numbers.json
ig:DcobMjFByfE,jordanclarktxrealtor_,Instagram,https://www.instagram.com/reel/DcobMjFByfE/,P1: Money you can live with,TOPIC_REVIEW,SEARCH_ONLY,415300.0,28.2,creator_median_reported_by_provider,,UNKNOWN,/Users/farricecain/.codex/worktrees/35aa/Google Antigravity/_active/clients/jen-listings/04-deliverables/social-content/2026-09-06-vidiq-production-run/evidence/02-real-numbers.json
tt:7657236602183322893,tegest_tsehai,TikTok,https://www.tiktok.com/@tegest_tsehai/video/7657236602183322893,P1: Money you can live with,TOPIC_REVIEW,SEARCH_ONLY,24000.0,22.0,creator_median_reported_by_provider,,UNKNOWN,/Users/farricecain/.codex/worktrees/35aa/Google Antigravity/_active/clients/jen-listings/04-deliverables/social-content/2026-09-06-vidiq-production-run/evidence/exp-resource-relatable.json
ig:DZt_tJ5tAcT,charishairacademy,Instagram,https://www.instagram.com/reel/DZt_tJ5tAcT/,P3: Someone on your side,CRAFT_ONLY,SEARCH_ONLY,239100.0,12.6,creator_median_reported_by_provider,,UNKNOWN,/Users/farricecain/.codex/worktrees/35aa/Google Antigravity/_active/clients/jen-listings/04-deliverables/social-content/2026-09-06-vidiq-production-run/evidence/03-client-reveal.json
ig:DZU1X-mCT03,openhoist,Instagram,https://www.instagram.com/reel/DZU1X-mCT03/,P2: What the home asks of you,CRAFT_ONLY,SEARCH_ONLY,525500.0,31.6,creator_median_reported_by_provider,,UNKNOWN,/Users/farricecain/.codex/worktrees/35aa/Google Antigravity/_active/clients/jen-listings/04-deliverables/social-content/2026-09-06-vidiq-production-run/evidence/03-client-reveal.json
ig:Db360RYS5fH,wyattguzybunce,Instagram,https://www.instagram.com/reel/Db360RYS5fH/,CRAFT: Adjacent or unrelated,CRAFT_ONLY,SEARCH_ONLY,146200.0,53.7,creator_median_reported_by_provider,,UNKNOWN,/Users/farricecain/.codex/worktrees/35aa/Google Antigravity/_active/clients/jen-listings/04-deliverables/social-content/2026-09-06-vidiq-production-run/evidence/03-client-reveal.json
ig:DbZQAJCiMX_,hearthat____,Instagram,https://www.instagram.com/reel/DbZQAJCiMX_/,CRAFT: Adjacent or unrelated,CRAFT_ONLY,SEARCH_ONLY,2600000.0,42.0,creator_median_reported_by_provider,,UNKNOWN,/Users/farricecain/.codex/worktrees/35aa/Google Antigravity/_active/clients/jen-listings/04-deliverables/social-content/2026-09-06-vidiq-production-run/evidence/03-client-reveal.json
ig:DbbrTKmChCa,wearehfc,Instagram,https://www.instagram.com/reel/DbbrTKmChCa/,P5: Seeing through the listing,CRAFT_ONLY,SEARCH_ONLY,564300.0,34.9,creator_median_reported_by_provider,,UNKNOWN,/Users/farricecain/.codex/worktrees/35aa/Google Antigravity/_active/clients/jen-listings/04-deliverables/social-content/2026-09-06-vidiq-production-run/evidence/03-client-reveal.json
tt:7672914220735925534,g_stavotpg,TikTok,https://www.tiktok.com/@g_stavotpg/video/7672914220735925534,P2: What the home asks of you,CRAFT_ONLY,VIDEO_ANALYSIS_REVIEWED,435400.0,251.2,creator_median_reported_by_provider,,UNKNOWN,/Users/farricecain/.codex/worktrees/35aa/Google Antigravity/_active/clients/jen-listings/04-deliverables/social-content/2026-09-06-vidiq-production-run/evidence/03-client-reveal.json
tt:7669999155556764941,tannas_wonderland,TikTok,https://www.tiktok.com/@tannas_wonderland/video/7669999155556764941,CRAFT: Adjacent or unrelated,CRAFT_ONLY,SEARCH_ONLY,13300.0,70.2,creator_median_reported_by_provider,,UNKNOWN,/Users/farricecain/.codex/worktrees/35aa/Google Antigravity/_active/clients/jen-listings/04-deliverables/social-content/2026-09-06-vidiq-production-run/evidence/03-client-reveal.json
tt:7666217908938362125,mattthemechanic43,TikTok,https://www.tiktok.com/@mattthemechanic43/video/7666217908938362125,CRAFT: Adjacent or unrelated,CRAFT_ONLY,SEARCH_ONLY,27100000.0,33.8,creator_median_reported_by_provider,,UNKNOWN,/Users/farricecain/.codex/worktrees/35aa/Google Antigravity/_active/clients/jen-listings/04-deliverables/social-content/2026-09-06-vidiq-production-run/evidence/03-client-reveal.json
tt:7664798246010768671,rizapmu,TikTok,https://www.tiktok.com/@rizapmu/video/7664798246010768671,P3: Someone on your side,CRAFT_ONLY,SEARCH_ONLY,109200.0,36.8,creator_median_reported_by_provider,,UNKNOWN,/Users/farricecain/.codex/worktrees/35aa/Google Antigravity/_active/clients/jen-listings/04-deliverables/social-content/2026-09-06-vidiq-production-run/evidence/03-client-reveal.json
tt:7659569293587205390,jakepappas336,TikTok,https://www.tiktok.com/@jakepappas336/video/7659569293587205390,P2: What the home asks of you,CRAFT_ONLY,SEARCH_ONLY,1200000.0,564.4,creator_median_reported_by_provider,,UNKNOWN,/Users/farricecain/.codex/worktrees/35aa/Google Antigravity/_active/clients/jen-listings/04-deliverables/social-content/2026-09-06-vidiq-production-run/evidence/03-client-reveal.json
ig:DagxHHATMei,jawmux,Instagram,https://www.instagram.com/reel/DagxHHATMei/,P1: Money you can live with,TOPIC_REVIEW,SEARCH_ONLY,1600000.0,18.0,creator_median_reported_by_provider,,UNKNOWN,/Users/farricecain/.codex/worktrees/35aa/Google Antigravity/_active/clients/jen-listings/04-deliverables/social-content/2026-09-06-vidiq-production-run/evidence/05-myths.json
ig:DaQXqCSyWiH,kristinthelender,Instagram,https://www.instagram.com/reel/DaQXqCSyWiH/,P1: Money you can live with,TOPIC_REVIEW,SEARCH_ONLY,1300000.0,14.1,creator_median_reported_by_provider,,UNKNOWN,/Users/farricecain/.codex/worktrees/35aa/Google Antigravity/_active/clients/jen-listings/04-deliverables/social-content/2026-09-06-vidiq-production-run/evidence/05-myths.json
tt:7662559947590225165,flippinghouses,TikTok,https://www.tiktok.com/@flippinghouses/video/7662559947590225165,P1: Money you can live with,TOPIC_REVIEW,SEARCH_ONLY,571500.0,483.9,creator_median_reported_by_provider,,UNKNOWN,/Users/farricecain/.codex/worktrees/35aa/Google Antigravity/_active/clients/jen-listings/04-deliverables/social-content/2026-09-06-vidiq-production-run/evidence/05-myths.json
tt:7652756302921207071,ericsfinancials,TikTok,https://www.tiktok.com/@ericsfinancials/video/7652756302921207071,P1: Money you can live with,TOPIC_REVIEW,SEARCH_ONLY,97900.0,45.6,creator_median_reported_by_provider,,UNKNOWN,/Users/farricecain/.codex/worktrees/35aa/Google Antigravity/_active/clients/jen-listings/04-deliverables/social-content/2026-09-06-vidiq-production-run/evidence/05-myths.json
tt:7649501164010032397,v.tpk,TikTok,https://www.tiktok.com/@v.tpk/video/7649501164010032397,P1: Money you can live with,TOPIC_REVIEW,SEARCH_ONLY,363100.0,55.7,creator_median_reported_by_provider,,UNKNOWN,/Users/farricecain/.codex/worktrees/35aa/Google Antigravity/_active/clients/jen-listings/04-deliverables/social-content/2026-09-06-vidiq-production-run/evidence/05-myths.json
tt:7665528222410427662,candaceclipsdaily,TikTok,https://www.tiktok.com/@candaceclipsdaily/video/7665528222410427662,P1: Money you can live with,TOPIC_REVIEW,SEARCH_ONLY,102300.0,43.4,creator_median_reported_by_provider,,UNKNOWN,/Users/farricecain/.codex/worktrees/35aa/Google Antigravity/_active/clients/jen-listings/04-deliverables/social-content/2026-09-06-vidiq-production-run/evidence/05-myths.json
tt:7651705331965365518,omabelle,TikTok,https://www.tiktok.com/@omabelle/video/7651705331965365518,P1: Money you can live with,TOPIC_REVIEW,SEARCH_ONLY,4800000.0,500.9,creator_median_reported_by_provider,,UNKNOWN,/Users/farricecain/.codex/worktrees/35aa/Google Antigravity/_active/clients/jen-listings/04-deliverables/social-content/2026-09-06-vidiq-production-run/evidence/05-myths.json
ig:Dax4JjkOdcN,thatmortgageguy_,Instagram,https://www.instagram.com/reel/Dax4JjkOdcN/,P2: What the home asks of you,CRAFT_ONLY,VIDEO_ANALYSIS_REVIEWED,200400.0,17.0,creator_median_reported_by_provider,,UNKNOWN,/Users/farricecain/.codex/worktrees/35aa/Google Antigravity/_active/clients/jen-listings/04-deliverables/social-content/2026-09-06-vidiq-production-run/evidence/06-relatable.json
ig:DaRrk3Ey1Tf,aqueela,Instagram,https://www.instagram.com/reel/DaRrk3Ey1Tf/,CRAFT: Adjacent or unrelated,CRAFT_ONLY,SEARCH_ONLY,675400.0,20.9,creator_median_reported_by_provider,,UNKNOWN,/Users/farricecain/.codex/worktrees/35aa/Google Antigravity/_active/clients/jen-listings/04-deliverables/social-content/2026-09-06-vidiq-production-run/evidence/06-relatable.json
ig:Dbl6K0rk9Ch,n1kk1judg3,Instagram,https://www.instagram.com/reel/Dbl6K0rk9Ch/,CRAFT: Adjacent or unrelated,CRAFT_ONLY,SEARCH_ONLY,165900.0,81.1,creator_median_reported_by_provider,,UNKNOWN,/Users/farricecain/.codex/worktrees/35aa/Google Antigravity/_active/clients/jen-listings/04-deliverables/social-content/2026-09-06-vidiq-production-run/evidence/06-relatable.json
ig:Dcgx2VeIwAX,cityautochattanooga,Instagram,https://www.instagram.com/reel/Dcgx2VeIwAX/,CRAFT: Adjacent or unrelated,CRAFT_ONLY,SEARCH_ONLY,217600.0,103.9,creator_median_reported_by_provider,,UNKNOWN,/Users/farricecain/.codex/worktrees/35aa/Google Antigravity/_active/clients/jen-listings/04-deliverables/social-content/2026-09-06-vidiq-production-run/evidence/06-relatable.json
ig:Dbyk1c-AiYl,realwithgreg,Instagram,https://www.instagram.com/reel/Dbyk1c-AiYl/,CRAFT: Adjacent or unrelated,CRAFT_ONLY,SEARCH_ONLY,5300000.0,24.2,creator_median_reported_by_provider,,UNKNOWN,/Users/farricecain/.codex/worktrees/35aa/Google Antigravity/_active/clients/jen-listings/04-deliverables/social-content/2026-09-06-vidiq-production-run/evidence/06-relatable.json
tt:7678137567685987598,trending_ttok,TikTok,https://www.tiktok.com/@trending_ttok/video/7678137567685987598,P5: Seeing through the listing,CRAFT_ONLY,SEARCH_ONLY,737000.0,124.7,creator_median_reported_by_provider,,UNKNOWN,/Users/farricecain/.codex/worktrees/35aa/Google Antigravity/_active/clients/jen-listings/04-deliverables/social-content/2026-09-06-vidiq-production-run/evidence/06-relatable.json
tt:7654000817896246559,eralyn82,TikTok,https://www.tiktok.com/@eralyn82/video/7654000817896246559,CRAFT: Adjacent or unrelated,CRAFT_ONLY,SEARCH_ONLY,2900000.0,7682.1,creator_median_reported_by_provider,,UNKNOWN,/Users/farricecain/.codex/worktrees/35aa/Google Antigravity/_active/clients/jen-listings/04-deliverables/social-content/2026-09-06-vidiq-production-run/evidence/06-relatable.json
tt:7658581409753206047,trueknee,TikTok,https://www.tiktok.com/@trueknee/video/7658581409753206047,CRAFT: Adjacent or unrelated,CRAFT_ONLY,SEARCH_ONLY,1100000.0,19.9,creator_median_reported_by_provider,,UNKNOWN,/Users/farricecain/.codex/worktrees/35aa/Google Antigravity/_active/clients/jen-listings/04-deliverables/social-content/2026-09-06-vidiq-production-run/evidence/06-relatable.json
tt:7681480980078578975,chychyjones,TikTok,https://www.tiktok.com/@chychyjones/video/7681480980078578975,CRAFT: Adjacent or unrelated,CRAFT_ONLY,SEARCH_ONLY,2700000.0,4.5,creator_median_reported_by_provider,,UNKNOWN,/Users/farricecain/.codex/worktrees/35aa/Google Antigravity/_active/clients/jen-listings/04-deliverables/social-content/2026-09-06-vidiq-production-run/evidence/06-relatable.json
tt:7663923350091074829,gocompanydriver,TikTok,https://www.tiktok.com/@gocompanydriver/video/7663923350091074829,CRAFT: Adjacent or unrelated,CRAFT_ONLY,SEARCH_ONLY,369700.0,63.3,creator_median_reported_by_provider,,UNKNOWN,/Users/farricecain/.codex/worktrees/35aa/Google Antigravity/_active/clients/jen-listings/04-deliverables/social-content/2026-09-06-vidiq-production-run/evidence/06-relatable.json
ig:DbjlmlruALT,thedebtfreeway,Instagram,https://www.instagram.com/reel/DbjlmlruALT/,P1: Money you can live with,TOPIC_REVIEW,SEARCH_ONLY,1800000.0,22.8,creator_median_reported_by_provider,,UNKNOWN,/Users/farricecain/.codex/worktrees/35aa/Google Antigravity/_active/clients/jen-listings/04-deliverables/social-content/2026-09-06-vidiq-production-run/evidence/07-diagrams.json
ig:DbWUXZXB6lm,rubenthebuilder_,Instagram,https://www.instagram.com/reel/DbWUXZXB6lm/,P5: Seeing through the listing,TOPIC_REVIEW,SEARCH_ONLY,121600.0,18.0,creator_median_reported_by_provider,,UNKNOWN,/Users/farricecain/.codex/worktrees/35aa/Google Antigravity/_active/clients/jen-listings/04-deliverables/social-content/2026-09-06-vidiq-production-run/evidence/07-diagrams.json
tt:7668860795744259341,missleighh,TikTok,https://www.tiktok.com/@missleighh/video/7668860795744259341,P1: Money you can live with,TOPIC_REVIEW,SEARCH_ONLY,27000.0,18.2,creator_median_reported_by_provider,,UNKNOWN,/Users/farricecain/.codex/worktrees/35aa/Google Antigravity/_active/clients/jen-listings/04-deliverables/social-content/2026-09-06-vidiq-production-run/evidence/07-diagrams.json
tt:7665486950417059102,hannah_bhiatt,TikTok,https://www.tiktok.com/@hannah_bhiatt/video/7665486950417059102,P1: Money you can live with,TOPIC_REVIEW,SEARCH_ONLY,3700000.0,38.1,creator_median_reported_by_provider,,UNKNOWN,/Users/farricecain/.codex/worktrees/35aa/Google Antigravity/_active/clients/jen-listings/04-deliverables/social-content/2026-09-06-vidiq-production-run/evidence/07-diagrams.json
tt:7662133905474014494,chaylpnjourney,TikTok,https://www.tiktok.com/@chaylpnjourney/video/7662133905474014494,P1: Money you can live with,TOPIC_REVIEW,SEARCH_ONLY,51100.0,58.9,creator_median_reported_by_provider,,UNKNOWN,/Users/farricecain/.codex/worktrees/35aa/Google Antigravity/_active/clients/jen-listings/04-deliverables/social-content/2026-09-06-vidiq-production-run/evidence/07-diagrams.json
tt:7677641108205178143,realmortgagementor,TikTok,https://www.tiktok.com/@realmortgagementor/video/7677641108205178143,P1: Money you can live with,TOPIC_REVIEW,SEARCH_ONLY,168800.0,30.4,creator_median_reported_by_provider,,UNKNOWN,/Users/farricecain/.codex/worktrees/35aa/Google Antigravity/_active/clients/jen-listings/04-deliverables/social-content/2026-09-06-vidiq-production-run/evidence/07-diagrams.json
tt:7657299257044552973,krisasis,TikTok,https://www.tiktok.com/@krisasis/video/7657299257044552973,P1: Money you can live with,TOPIC_REVIEW,SEARCH_ONLY,393800.0,18.9,creator_median_reported_by_provider,,UNKNOWN,/Users/farricecain/.codex/worktrees/35aa/Google Antigravity/_active/clients/jen-listings/04-deliverables/social-content/2026-09-06-vidiq-production-run/evidence/07-diagrams.json
ig:DbMRkjwysB2,shawsacandheatinginc,Instagram,https://www.instagram.com/reel/DbMRkjwysB2/,P5: Seeing through the listing,CRAFT_ONLY,SEARCH_ONLY,209100.0,435.1,creator_median_reported_by_provider,,UNKNOWN,/Users/farricecain/.codex/worktrees/35aa/Google Antigravity/_active/clients/jen-listings/04-deliverables/social-content/2026-09-06-vidiq-production-run/evidence/exp-comment-relatable.json
ig:Daq3BM0yXjd,rfcleaning2025,Instagram,https://www.instagram.com/reel/Daq3BM0yXjd/,CRAFT: Adjacent or unrelated,CRAFT_ONLY,SEARCH_ONLY,461200.0,164.3,creator_median_reported_by_provider,,UNKNOWN,/Users/farricecain/.codex/worktrees/35aa/Google Antigravity/_active/clients/jen-listings/04-deliverables/social-content/2026-09-06-vidiq-production-run/evidence/exp-comment-relatable.json
ig:DauZcSXPKPe,dct_89893,Instagram,https://www.instagram.com/reel/DauZcSXPKPe/,P3: Someone on your side,TOPIC_REVIEW,SEARCH_ONLY,130500.0,17.3,creator_median_reported_by_provider,,UNKNOWN,/Users/farricecain/.codex/worktrees/35aa/Google Antigravity/_active/clients/jen-listings/04-deliverables/social-content/2026-09-06-vidiq-production-run/evidence/exp-comment-relatable.json
ig:DZ7yvzgjCiG,serhant,Instagram,https://www.instagram.com/reel/DZ7yvzgjCiG/,P3: Someone on your side,TOPIC_REVIEW,SEARCH_ONLY,93700.0,12.9,creator_median_reported_by_provider,,UNKNOWN,/Users/farricecain/.codex/worktrees/35aa/Google Antigravity/_active/clients/jen-listings/04-deliverables/social-content/2026-09-06-vidiq-production-run/evidence/exp-compare-relatable.json
ig:DaBINQOCM2x,propertychannelzim,Instagram,https://www.instagram.com/reel/DaBINQOCM2x/,P3: Someone on your side,TOPIC_REVIEW,SEARCH_ONLY,100900.0,9.6,creator_median_reported_by_provider,,UNKNOWN,/Users/farricecain/.codex/worktrees/35aa/Google Antigravity/_active/clients/jen-listings/04-deliverables/social-content/2026-09-06-vidiq-production-run/evidence/exp-comment-relatable.json
tt:7654216215073770765,branthemortgageman,TikTok,https://www.tiktok.com/@branthemortgageman/video/7654216215073770765,P1: Money you can live with,TOPIC_REVIEW,SEARCH_ONLY,222400.0,75.7,creator_median_reported_by_provider,,UNKNOWN,/Users/farricecain/.codex/worktrees/35aa/Google Antigravity/_active/clients/jen-listings/04-deliverables/social-content/2026-09-06-vidiq-production-run/evidence/exp-comment-relatable.json
tt:7663201247935237390,sewtiffany,TikTok,https://www.tiktok.com/@sewtiffany/video/7663201247935237390,CRAFT: Adjacent or unrelated,CRAFT_ONLY,SEARCH_ONLY,1700000.0,52.3,creator_median_reported_by_provider,,UNKNOWN,/Users/farricecain/.codex/worktrees/35aa/Google Antigravity/_active/clients/jen-listings/04-deliverables/social-content/2026-09-06-vidiq-production-run/evidence/exp-comment-relatable.json
tt:7652685905626713366,usf.ch,TikTok,https://www.tiktok.com/@usf.ch/video/7652685905626713366,P3: Someone on your side,TOPIC_REVIEW,SEARCH_ONLY,180600.0,15.6,creator_median_reported_by_provider,,UNKNOWN,/Users/farricecain/.codex/worktrees/35aa/Google Antigravity/_active/clients/jen-listings/04-deliverables/social-content/2026-09-06-vidiq-production-run/evidence/exp-comment-relatable.json
tt:7668367393843858719,christianatherealtor,TikTok,https://www.tiktok.com/@christianatherealtor/video/7668367393843858719,P3: Someone on your side,CRAFT_ONLY,VIDEO_ANALYSIS_REVIEWED,1100000.0,47.6,creator_median_reported_by_provider,,UNKNOWN,/Users/farricecain/.codex/worktrees/35aa/Google Antigravity/_active/clients/jen-listings/04-deliverables/social-content/2026-09-06-vidiq-production-run/evidence/exp-comment-relatable.json
tt:7650911085146541325,floodnerd,TikTok,https://www.tiktok.com/@floodnerd/video/7650911085146541325,CRAFT: Adjacent or unrelated,CRAFT_ONLY,SEARCH_ONLY,482300.0,19.3,creator_median_reported_by_provider,,UNKNOWN,/Users/farricecain/.codex/worktrees/35aa/Google Antigravity/_active/clients/jen-listings/04-deliverables/social-content/2026-09-06-vidiq-production-run/evidence/exp-comment-relatable.json
ig:DZ-OLkpJX3f,jaycipettus.realestate,Instagram,https://www.instagram.com/reel/DZ-OLkpJX3f/,P3: Someone on your side,TOPIC_REVIEW,SEARCH_ONLY,132500.0,86.3,creator_median_reported_by_provider,,UNKNOWN,/Users/farricecain/.codex/worktrees/35aa/Google Antigravity/_active/clients/jen-listings/04-deliverables/social-content/2026-09-06-vidiq-production-run/evidence/exp-compare-relatable.json
ig:DcO20CGJR6P,amariscenteno_,Instagram,https://www.instagram.com/reel/DcO20CGJR6P/,P3: Someone on your side,TOPIC_REVIEW,SEARCH_ONLY,738600.0,624.4,creator_median_reported_by_provider,,UNKNOWN,/Users/farricecain/.codex/worktrees/35aa/Google Antigravity/_active/clients/jen-listings/04-deliverables/social-content/2026-09-06-vidiq-production-run/evidence/exp-compare-relatable.json
ig:DbPL8mgTHzQ,91_homes_jaipur,Instagram,https://www.instagram.com/reel/DbPL8mgTHzQ/,P5: Seeing through the listing,TOPIC_REVIEW,SEARCH_ONLY,364700.0,57.3,creator_median_reported_by_provider,,UNKNOWN,/Users/farricecain/.codex/worktrees/35aa/Google Antigravity/_active/clients/jen-listings/04-deliverables/social-content/2026-09-06-vidiq-production-run/evidence/exp-compare-relatable.json
ig:DZhDtPAxPlN,tree_house_mumbai_,Instagram,https://www.instagram.com/reel/DZhDtPAxPlN/,P3: Someone on your side,TOPIC_REVIEW,SEARCH_ONLY,565300.0,13.1,creator_median_reported_by_provider,,UNKNOWN,/Users/farricecain/.codex/worktrees/35aa/Google Antigravity/_active/clients/jen-listings/04-deliverables/social-content/2026-09-06-vidiq-production-run/evidence/exp-compare-relatable.json
tt:7674687786519137566,myfamilypov,TikTok,https://www.tiktok.com/@myfamilypov/video/7674687786519137566,CRAFT: Adjacent or unrelated,CRAFT_ONLY,SEARCH_ONLY,4600000.0,401.7,creator_median_reported_by_provider,,UNKNOWN,/Users/farricecain/.codex/worktrees/35aa/Google Antigravity/_active/clients/jen-listings/04-deliverables/social-content/2026-09-06-vidiq-production-run/evidence/exp-compare-relatable.json
tt:7673998722782514445,trending_ttok,TikTok,https://www.tiktok.com/@trending_ttok/video/7673998722782514445,CRAFT: Adjacent or unrelated,CRAFT_ONLY,SEARCH_ONLY,3100000.0,465.8,creator_median_reported_by_provider,,UNKNOWN,/Users/farricecain/.codex/worktrees/35aa/Google Antigravity/_active/clients/jen-listings/04-deliverables/social-content/2026-09-06-vidiq-production-run/evidence/exp-compare-relatable.json
tt:7677631975355731213,mobile_mama,TikTok,https://www.tiktok.com/@mobile_mama/video/7677631975355731213,CRAFT: Adjacent or unrelated,CRAFT_ONLY,SEARCH_ONLY,2700000.0,18.8,creator_median_reported_by_provider,,UNKNOWN,/Users/farricecain/.codex/worktrees/35aa/Google Antigravity/_active/clients/jen-listings/04-deliverables/social-content/2026-09-06-vidiq-production-run/evidence/exp-compare-relatable.json
tt:7663760856265559309,dreamque5,TikTok,https://www.tiktok.com/@dreamque5/video/7663760856265559309,P3: Someone on your side,TOPIC_REVIEW,SEARCH_ONLY,132500.0,264.6,creator_median_reported_by_provider,,UNKNOWN,/Users/farricecain/.codex/worktrees/35aa/Google Antigravity/_active/clients/jen-listings/04-deliverables/social-content/2026-09-06-vidiq-production-run/evidence/exp-compare-relatable.json
tt:7666507830781807902,motorworldmileone,TikTok,https://www.tiktok.com/@motorworldmileone/video/7666507830781807902,CRAFT: Adjacent or unrelated,CRAFT_ONLY,SEARCH_ONLY,39200.0,30.9,creator_median_reported_by_provider,,UNKNOWN,/Users/farricecain/.codex/worktrees/35aa/Google Antigravity/_active/clients/jen-listings/04-deliverables/social-content/2026-09-06-vidiq-production-run/evidence/exp-compare-relatable.json
ig:DbMUBmlhKKr,stephanieeoliverarealtor,Instagram,https://www.instagram.com/reel/DbMUBmlhKKr/,P3: Someone on your side,TOPIC_REVIEW,VIDEO_ANALYSIS_REVIEWED,93200.0,29.1,creator_median_reported_by_provider,,UNKNOWN,/Users/farricecain/.codex/worktrees/35aa/Google Antigravity/_active/clients/jen-listings/04-deliverables/social-content/2026-09-06-vidiq-production-run/evidence/exp-local-relatable.json
ig:DbHN2APDP3E,arjunmortgage,Instagram,https://www.instagram.com/reel/DbHN2APDP3E/,P3: Someone on your side,TOPIC_REVIEW,SEARCH_ONLY,38800.0,26.3,creator_median_reported_by_provider,,UNKNOWN,/Users/farricecain/.codex/worktrees/35aa/Google Antigravity/_active/clients/jen-listings/04-deliverables/social-content/2026-09-06-vidiq-production-run/evidence/exp-local-relatable.json
ig:DbJvplTBb_m,jeremytherealtor_,Instagram,https://www.instagram.com/reel/DbJvplTBb_m/,P1: Money you can live with,TOPIC_REVIEW,SEARCH_ONLY,199000.0,43.1,creator_median_reported_by_provider,,UNKNOWN,/Users/farricecain/.codex/worktrees/35aa/Google Antigravity/_active/clients/jen-listings/04-deliverables/social-content/2026-09-06-vidiq-production-run/evidence/exp-local-relatable.json
ig:Dak7zeYBTUK,tinasellsoc,Instagram,https://www.instagram.com/reel/Dak7zeYBTUK/,P3: Someone on your side,TOPIC_REVIEW,SEARCH_ONLY,369600.0,34.4,creator_median_reported_by_provider,,UNKNOWN,/Users/farricecain/.codex/worktrees/35aa/Google Antigravity/_active/clients/jen-listings/04-deliverables/social-content/2026-09-06-vidiq-production-run/evidence/exp-resource-relatable.json
ig:DcCYTUeCYFI,houseofsekulich,Instagram,https://www.instagram.com/reel/DcCYTUeCYFI/,P3: Someone on your side,TOPIC_REVIEW,VIDEO_ANALYSIS_REVIEWED,41700.0,151.0,creator_median_reported_by_provider,,UNKNOWN,/Users/farricecain/.codex/worktrees/35aa/Google Antigravity/_active/clients/jen-listings/04-deliverables/social-content/2026-09-06-vidiq-production-run/evidence/exp-local-relatable.json
tt:7656559363120811295,stargelrealestate,TikTok,https://www.tiktok.com/@stargelrealestate/video/7656559363120811295,P3: Someone on your side,TOPIC_REVIEW,SEARCH_ONLY,43700.0,30.9,creator_median_reported_by_provider,,UNKNOWN,/Users/farricecain/.codex/worktrees/35aa/Google Antigravity/_active/clients/jen-listings/04-deliverables/social-content/2026-09-06-vidiq-production-run/evidence/exp-localhook-relatable.json
tt:7652137045111934239,stephaford1,TikTok,https://www.tiktok.com/@stephaford1/video/7652137045111934239,P3: Someone on your side,TOPIC_REVIEW,SEARCH_ONLY,775500.0,175.5,creator_median_reported_by_provider,,UNKNOWN,/Users/farricecain/.codex/worktrees/35aa/Google Antigravity/_active/clients/jen-listings/04-deliverables/social-content/2026-09-06-vidiq-production-run/evidence/exp-resource-relatable.json
tt:7662842708364512543,wesleydulin_realtor,TikTok,https://www.tiktok.com/@wesleydulin_realtor/video/7662842708364512543,P3: Someone on your side,TOPIC_REVIEW,SEARCH_ONLY,852000.0,66.0,creator_median_reported_by_provider,,UNKNOWN,/Users/farricecain/.codex/worktrees/35aa/Google Antigravity/_active/clients/jen-listings/04-deliverables/social-content/2026-09-06-vidiq-production-run/evidence/exp-local-relatable.json
tt:7677747606877048078,theagentedgar,TikTok,https://www.tiktok.com/@theagentedgar/video/7677747606877048078,P3: Someone on your side,TOPIC_REVIEW,SEARCH_ONLY,87700.0,42.9,creator_median_reported_by_provider,,UNKNOWN,/Users/farricecain/.codex/worktrees/35aa/Google Antigravity/_active/clients/jen-listings/04-deliverables/social-content/2026-09-06-vidiq-production-run/evidence/exp-local-relatable.json
tt:7655428933227138317,salinasrealty,TikTok,https://www.tiktok.com/@salinasrealty/video/7655428933227138317,P3: Someone on your side,TOPIC_REVIEW,SEARCH_ONLY,271700.0,53.6,creator_median_reported_by_provider,,UNKNOWN,/Users/farricecain/.codex/worktrees/35aa/Google Antigravity/_active/clients/jen-listings/04-deliverables/social-content/2026-09-06-vidiq-production-run/evidence/exp-local-relatable.json
ig:DZY0IBOxhNC,sandyceo,Instagram,https://www.instagram.com/reel/DZY0IBOxhNC/,P4: Life around the home,CRAFT_ONLY,VIDEO_ANALYSIS_REVIEWED,423300.0,35.8,creator_median_reported_by_provider,,UNKNOWN,/Users/farricecain/.codex/worktrees/35aa/Google Antigravity/_active/clients/jen-listings/04-deliverables/social-content/2026-09-06-vidiq-production-run/evidence/exp-localhook-relatable.json
ig:DZ3KO9USJP1,melissabermudezrealtor,Instagram,https://www.instagram.com/reel/DZ3KO9USJP1/,P4: Life around the home,CRAFT_ONLY,SEARCH_ONLY,1100000.0,238.8,creator_median_reported_by_provider,,UNKNOWN,/Users/farricecain/.codex/worktrees/35aa/Google Antigravity/_active/clients/jen-listings/04-deliverables/social-content/2026-09-06-vidiq-production-run/evidence/exp-localhook-relatable.json
ig:Dccj93miGpF,sellwithzoli,Instagram,https://www.instagram.com/reel/Dccj93miGpF/,CRAFT: Adjacent or unrelated,CRAFT_ONLY,SEARCH_ONLY,102200.0,175.5,creator_median_reported_by_provider,,UNKNOWN,/Users/farricecain/.codex/worktrees/35aa/Google Antigravity/_active/clients/jen-listings/04-deliverables/social-content/2026-09-06-vidiq-production-run/evidence/exp-localhook-relatable.json
ig:Da4oWQchHF2,mama_chapehomes,Instagram,https://www.instagram.com/reel/Da4oWQchHF2/,P3: Someone on your side,TOPIC_REVIEW,SEARCH_ONLY,47200.0,80.5,creator_median_reported_by_provider,,UNKNOWN,/Users/farricecain/.codex/worktrees/35aa/Google Antigravity/_active/clients/jen-listings/04-deliverables/social-content/2026-09-06-vidiq-production-run/evidence/exp-localhook-relatable.json
ig:DaBKvFzJjrr,justcarissa_,Instagram,https://www.instagram.com/reel/DaBKvFzJjrr/,CRAFT: Adjacent or unrelated,CRAFT_ONLY,SEARCH_ONLY,278100.0,60.3,creator_median_reported_by_provider,,UNKNOWN,/Users/farricecain/.codex/worktrees/35aa/Google Antigravity/_active/clients/jen-listings/04-deliverables/social-content/2026-09-06-vidiq-production-run/evidence/exp-localhook-relatable.json
tt:7670550017702137119,tw1nv1s1ion,TikTok,https://www.tiktok.com/@tw1nv1s1ion/video/7670550017702137119,P4: Life around the home,CRAFT_ONLY,SEARCH_ONLY,17900.0,58.3,creator_median_reported_by_provider,,UNKNOWN,/Users/farricecain/.codex/worktrees/35aa/Google Antigravity/_active/clients/jen-listings/04-deliverables/social-content/2026-09-06-vidiq-production-run/evidence/exp-localhook-relatable.json
tt:7675145144907222285,anthonyabaci,TikTok,https://www.tiktok.com/@anthonyabaci/video/7675145144907222285,P4: Life around the home,CRAFT_ONLY,SEARCH_ONLY,183700.0,290.2,creator_median_reported_by_provider,,UNKNOWN,/Users/farricecain/.codex/worktrees/35aa/Google Antigravity/_active/clients/jen-listings/04-deliverables/social-content/2026-09-06-vidiq-production-run/evidence/exp-localhook-relatable.json
tt:7670358237677391117,sellwithzoli,TikTok,https://www.tiktok.com/@sellwithzoli/video/7670358237677391117,P3: Someone on your side,TOPIC_REVIEW,SEARCH_ONLY,54900.0,56.2,creator_median_reported_by_provider,,UNKNOWN,/Users/farricecain/.codex/worktrees/35aa/Google Antigravity/_active/clients/jen-listings/04-deliverables/social-content/2026-09-06-vidiq-production-run/evidence/exp-localhook-relatable.json
tt:7677399352976985357,xmutebi,TikTok,https://www.tiktok.com/@xmutebi/video/7677399352976985357,P4: Life around the home,CRAFT_ONLY,SEARCH_ONLY,326800.0,150.1,creator_median_reported_by_provider,,UNKNOWN,/Users/farricecain/.codex/worktrees/35aa/Google Antigravity/_active/clients/jen-listings/04-deliverables/social-content/2026-09-06-vidiq-production-run/evidence/exp-localhook-relatable.json
ig:DbaU_udvA8D,karis_creates_,Instagram,https://www.instagram.com/reel/DbaU_udvA8D/,P2: What the home asks of you,CRAFT_ONLY,SEARCH_ONLY,472400.0,195.9,creator_median_reported_by_provider,,UNKNOWN,/Users/farricecain/.codex/worktrees/35aa/Google Antigravity/_active/clients/jen-listings/04-deliverables/social-content/2026-09-06-vidiq-production-run/evidence/exp-pov-relatable.json
ig:DcZ4HCax83u,sidwell.fitness,Instagram,https://www.instagram.com/reel/DcZ4HCax83u/,CRAFT: Adjacent or unrelated,CRAFT_ONLY,SEARCH_ONLY,195100.0,20.4,creator_median_reported_by_provider,,UNKNOWN,/Users/farricecain/.codex/worktrees/35aa/Google Antigravity/_active/clients/jen-listings/04-deliverables/social-content/2026-09-06-vidiq-production-run/evidence/exp-pov-relatable.json
ig:DZdbTQQuJYU,therewardsmom,Instagram,https://www.instagram.com/reel/DZdbTQQuJYU/,P1: Money you can live with,TOPIC_REVIEW,SEARCH_ONLY,249600.0,54.0,creator_median_reported_by_provider,,UNKNOWN,/Users/farricecain/.codex/worktrees/35aa/Google Antigravity/_active/clients/jen-listings/04-deliverables/social-content/2026-09-06-vidiq-production-run/evidence/exp-pov-relatable.json
ig:DbRS-YSKEvu,monte_424,Instagram,https://www.instagram.com/reel/DbRS-YSKEvu/,P1: Money you can live with,CRAFT_ONLY,VIDEO_ANALYSIS_REVIEWED,643100.0,111.8,creator_median_reported_by_provider,,UNKNOWN,/Users/farricecain/.codex/worktrees/35aa/Google Antigravity/_active/clients/jen-listings/04-deliverables/social-content/2026-09-06-vidiq-production-run/evidence/exp-pov-relatable.json
ig:Dbv9b9zv2YV,taylerreagan,Instagram,https://www.instagram.com/reel/Dbv9b9zv2YV/,P5: Seeing through the listing,CRAFT_ONLY,SEARCH_ONLY,460100.0,147.7,creator_median_reported_by_provider,,UNKNOWN,/Users/farricecain/.codex/worktrees/35aa/Google Antigravity/_active/clients/jen-listings/04-deliverables/social-content/2026-09-06-vidiq-production-run/evidence/exp-pov-relatable.json
tt:7655736224166038814,lifein3g,TikTok,https://www.tiktok.com/@lifein3g/video/7655736224166038814,CRAFT: Adjacent or unrelated,CRAFT_ONLY,SEARCH_ONLY,1300000.0,1743.8,creator_median_reported_by_provider,,UNKNOWN,/Users/farricecain/.codex/worktrees/35aa/Google Antigravity/_active/clients/jen-listings/04-deliverables/social-content/2026-09-06-vidiq-production-run/evidence/exp-pov-relatable.json
tt:7659994647774743838,thebluntblondekd,TikTok,https://www.tiktok.com/@thebluntblondekd/video/7659994647774743838,CRAFT: Adjacent or unrelated,CRAFT_ONLY,SEARCH_ONLY,442700.0,165.0,creator_median_reported_by_provider,,UNKNOWN,/Users/farricecain/.codex/worktrees/35aa/Google Antigravity/_active/clients/jen-listings/04-deliverables/social-content/2026-09-06-vidiq-production-run/evidence/exp-pov-relatable.json
tt:7678035461209689374,desertdashcam,TikTok,https://www.tiktok.com/@desertdashcam/video/7678035461209689374,CRAFT: Adjacent or unrelated,CRAFT_ONLY,SEARCH_ONLY,2000000.0,217.4,creator_median_reported_by_provider,,UNKNOWN,/Users/farricecain/.codex/worktrees/35aa/Google Antigravity/_active/clients/jen-listings/04-deliverables/social-content/2026-09-06-vidiq-production-run/evidence/exp-pov-relatable.json
tt:7675545373179514126,marisathesoccermom,TikTok,https://www.tiktok.com/@marisathesoccermom/video/7675545373179514126,CRAFT: Adjacent or unrelated,CRAFT_ONLY,SEARCH_ONLY,760300.0,20.7,creator_median_reported_by_provider,,UNKNOWN,/Users/farricecain/.codex/worktrees/35aa/Google Antigravity/_active/clients/jen-listings/04-deliverables/social-content/2026-09-06-vidiq-production-run/evidence/exp-pov-relatable.json
tt:7662891855390067998,taelynnwallace,TikTok,https://www.tiktok.com/@taelynnwallace/video/7662891855390067998,P5: Seeing through the listing,CRAFT_ONLY,SEARCH_ONLY,28100.0,69.5,creator_median_reported_by_provider,,UNKNOWN,/Users/farricecain/.codex/worktrees/35aa/Google Antigravity/_active/clients/jen-listings/04-deliverables/social-content/2026-09-06-vidiq-production-run/evidence/exp-pov-relatable.json
ig:DceVX_-qheI,battlebornsteve,Instagram,https://www.instagram.com/reel/DceVX_-qheI/,P3: Someone on your side,TOPIC_REVIEW,VIDEO_ANALYSIS_REVIEWED,3000000.0,1205.4,creator_median_reported_by_provider,,UNKNOWN,/Users/farricecain/.codex/worktrees/35aa/Google Antigravity/_active/clients/jen-listings/04-deliverables/social-content/2026-09-06-vidiq-production-run/evidence/exp-resource-relatable.json
ig:DZqhDCfhc75,carligerber,Instagram,https://www.instagram.com/reel/DZqhDCfhc75/,P3: Someone on your side,COMPARATOR_REVIEW,VIDEO_ANALYSIS_REVIEWED,599533,212.2,creator_median_reported_by_provider,2026-06-16,UNKNOWN,/Users/farricecain/.codex/worktrees/35aa/Google Antigravity/_active/clients/jen-listings/04-deliverables/social-content/2026-09-06-vidiq-production-run/evidence/exp-carligerber-profile.json
ig:DaywwTxo379,calljerryy,Instagram,https://www.instagram.com/reel/DaywwTxo379/,P1: Money you can live with,TOPIC_REVIEW,SEARCH_ONLY,79100.0,37.3,creator_median_reported_by_provider,,UNKNOWN,/Users/farricecain/.codex/worktrees/35aa/Google Antigravity/_active/clients/jen-listings/04-deliverables/social-content/2026-09-06-vidiq-production-run/evidence/exp-resource-relatable.json
ig:DaNqCi_OXeQ,tiago_dallasrealtor,Instagram,https://www.instagram.com/reel/DaNqCi_OXeQ/,P1: Money you can live with,TOPIC_REVIEW,SEARCH_ONLY,1700000.0,3795.2,creator_median_reported_by_provider,,UNKNOWN,/Users/farricecain/.codex/worktrees/35aa/Google Antigravity/_active/clients/jen-listings/04-deliverables/social-content/2026-09-06-vidiq-production-run/evidence/exp-resource-relatable.json
tt:7676996546897939725,jeffauerbach_real_estate,TikTok,https://www.tiktok.com/@jeffauerbach_real_estate/video/7676996546897939725,P1: Money you can live with,TOPIC_REVIEW,SEARCH_ONLY,204600.0,766.3,creator_median_reported_by_provider,,UNKNOWN,/Users/farricecain/.codex/worktrees/35aa/Google Antigravity/_active/clients/jen-listings/04-deliverables/social-content/2026-09-06-vidiq-production-run/evidence/exp-resource-relatable.json
tt:7666312405001014559,melissadoesmortgages22,TikTok,https://www.tiktok.com/@melissadoesmortgages22/video/7666312405001014559,P3: Someone on your side,TOPIC_REVIEW,SEARCH_ONLY,73400.0,199.5,creator_median_reported_by_provider,,UNKNOWN,/Users/farricecain/.codex/worktrees/35aa/Google Antigravity/_active/clients/jen-listings/04-deliverables/social-content/2026-09-06-vidiq-production-run/evidence/exp-resource-relatable.json
ig:DcM-cILslqP,maneuvering_mic,Instagram,https://www.instagram.com/reel/DcM-cILslqP/,P3: Someone on your side,CRAFT_ONLY,SEARCH_ONLY,1600000.0,52.6,creator_median_reported_by_provider,,UNKNOWN,/Users/farricecain/.codex/worktrees/35aa/Google Antigravity/_active/clients/jen-listings/04-deliverables/social-content/2026-09-06-vidiq-production-run/evidence/exp-seller-relatable.json
ig:DcM561yCx6P,boyleheightsbestie,Instagram,https://www.instagram.com/reel/DcM561yCx6P/,P5: Seeing through the listing,CRAFT_ONLY,SEARCH_ONLY,158100.0,15.4,creator_median_reported_by_provider,,UNKNOWN,/Users/farricecain/.codex/worktrees/35aa/Google Antigravity/_active/clients/jen-listings/04-deliverables/social-content/2026-09-06-vidiq-production-run/evidence/exp-seller-relatable.json
ig:DcbSS4pR6QU,kimseamanhomes,Instagram,https://www.instagram.com/reel/DcbSS4pR6QU/,P3: Someone on your side,TOPIC_REVIEW,SEARCH_ONLY,1600000.0,450.9,creator_median_reported_by_provider,,UNKNOWN,/Users/farricecain/.codex/worktrees/35aa/Google Antigravity/_active/clients/jen-listings/04-deliverables/social-content/2026-09-06-vidiq-production-run/evidence/exp-seller-relatable.json
ig:DcWyZ1aIpbb,maria.s.smyslova,Instagram,https://www.instagram.com/reel/DcWyZ1aIpbb/,P5: Seeing through the listing,TOPIC_REVIEW,VIDEO_ANALYSIS_REVIEWED,78800.0,37.7,creator_median_reported_by_provider,,UNKNOWN,/Users/farricecain/.codex/worktrees/35aa/Google Antigravity/_active/clients/jen-listings/04-deliverables/social-content/2026-09-06-vidiq-production-run/evidence/exp-seller-relatable.json
ig:DbrKkB0D_Gj,j_alejo_ny,Instagram,https://www.instagram.com/reel/DbrKkB0D_Gj/,P3: Someone on your side,TOPIC_REVIEW,SEARCH_ONLY,236000.0,207.3,creator_median_reported_by_provider,,UNKNOWN,/Users/farricecain/.codex/worktrees/35aa/Google Antigravity/_active/clients/jen-listings/04-deliverables/social-content/2026-09-06-vidiq-production-run/evidence/exp-seller-relatable.json
tt:7664991146153643294,kaseykayyyyy,TikTok,https://www.tiktok.com/@kaseykayyyyy/video/7664991146153643294,P1: Money you can live with,TOPIC_REVIEW,SEARCH_ONLY,203500.0,41.2,creator_median_reported_by_provider,,UNKNOWN,/Users/farricecain/.codex/worktrees/35aa/Google Antigravity/_active/clients/jen-listings/04-deliverables/social-content/2026-09-06-vidiq-production-run/evidence/exp-seller-relatable.json
tt:7655095399300042014,sydneyharris252,TikTok,https://www.tiktok.com/@sydneyharris252/video/7655095399300042014,P5: Seeing through the listing,TOPIC_REVIEW,SEARCH_ONLY,40400.0,39.6,creator_median_reported_by_provider,,UNKNOWN,/Users/farricecain/.codex/worktrees/35aa/Google Antigravity/_active/clients/jen-listings/04-deliverables/social-content/2026-09-06-vidiq-production-run/evidence/exp-seller-relatable.json
tt:7658803002924436750,drawer.6,TikTok,https://www.tiktok.com/@drawer.6/video/7658803002924436750,P5: Seeing through the listing,TOPIC_REVIEW,SEARCH_ONLY,315400.0,53.8,creator_median_reported_by_provider,,UNKNOWN,/Users/farricecain/.codex/worktrees/35aa/Google Antigravity/_active/clients/jen-listings/04-deliverables/social-content/2026-09-06-vidiq-production-run/evidence/exp-seller-relatable.json
tt:7670256199463456013,hiericasuckow,TikTok,https://www.tiktok.com/@hiericasuckow/video/7670256199463456013,P3: Someone on your side,CRAFT_ONLY,SEARCH_ONLY,134700.0,27.8,creator_median_reported_by_provider,,UNKNOWN,/Users/farricecain/.codex/worktrees/35aa/Google Antigravity/_active/clients/jen-listings/04-deliverables/social-content/2026-09-06-vidiq-production-run/evidence/exp-seller-relatable.json
tt:7655775529118797086,toyofficial,TikTok,https://www.tiktok.com/@toyofficial/video/7655775529118797086,P1: Money you can live with,TOPIC_REVIEW,SEARCH_ONLY,3900000.0,3.7,creator_median_reported_by_provider,,UNKNOWN,/Users/farricecain/.codex/worktrees/35aa/Google Antigravity/_active/clients/jen-listings/04-deliverables/social-content/2026-09-06-vidiq-production-run/evidence/exp-seller-relatable.json
ig:DZtLHiGJPg4,dailydreclt,Instagram,https://www.instagram.com/reel/DZtLHiGJPg4/,P1: Money you can live with,CRAFT_ONLY,SEARCH_ONLY,811300.0,24.9,creator_median_reported_by_provider,,UNKNOWN,/Users/farricecain/.codex/worktrees/35aa/Google Antigravity/_active/clients/jen-listings/04-deliverables/social-content/2026-09-06-vidiq-production-run/evidence/exp-story-relatable.json
ig:DbyMz3PRkeS,utahrealestatepaige,Instagram,https://www.instagram.com/reel/DbyMz3PRkeS/,P3: Someone on your side,TOPIC_REVIEW,SEARCH_ONLY,170200.0,20.8,creator_median_reported_by_provider,,UNKNOWN,/Users/farricecain/.codex/worktrees/35aa/Google Antigravity/_active/clients/jen-listings/04-deliverables/social-content/2026-09-06-vidiq-production-run/evidence/exp-story-relatable.json
ig:DcV9QQ6MmE3,sabrinaadorno_realestate,Instagram,https://www.instagram.com/reel/DcV9QQ6MmE3/,P3: Someone on your side,TOPIC_REVIEW,SEARCH_ONLY,496300.0,116.8,creator_median_reported_by_provider,,UNKNOWN,/Users/farricecain/.codex/worktrees/35aa/Google Antigravity/_active/clients/jen-listings/04-deliverables/social-content/2026-09-06-vidiq-production-run/evidence/exp-story-relatable.json
ig:Db5wt3wRR17,manjotkaur_remax,Instagram,https://www.instagram.com/reel/Db5wt3wRR17/,P3: Someone on your side,TOPIC_REVIEW,SEARCH_ONLY,122900.0,16.5,creator_median_reported_by_provider,,UNKNOWN,/Users/farricecain/.codex/worktrees/35aa/Google Antigravity/_active/clients/jen-listings/04-deliverables/social-content/2026-09-06-vidiq-production-run/evidence/exp-story-relatable.json
ig:Db4HXA3BTbB,geniusmomhacks,Instagram,https://www.instagram.com/reel/Db4HXA3BTbB/,CRAFT: Adjacent or unrelated,CRAFT_ONLY,SEARCH_ONLY,348700.0,48.9,creator_median_reported_by_provider,,UNKNOWN,/Users/farricecain/.codex/worktrees/35aa/Google Antigravity/_active/clients/jen-listings/04-deliverables/social-content/2026-09-06-vidiq-production-run/evidence/exp-story-relatable.json
tt:7669012706921303326,themortgagefox,TikTok,https://www.tiktok.com/@themortgagefox/video/7669012706921303326,P3: Someone on your side,TOPIC_REVIEW,SEARCH_ONLY,210100.0,61.6,creator_median_reported_by_provider,,UNKNOWN,/Users/farricecain/.codex/worktrees/35aa/Google Antigravity/_active/clients/jen-listings/04-deliverables/social-content/2026-09-06-vidiq-production-run/evidence/exp-story-relatable.json
tt:7678678870119157022,mariociccarello5,TikTok,https://www.tiktok.com/@mariociccarello5/video/7678678870119157022,P5: Seeing through the listing,CRAFT_ONLY,SEARCH_ONLY,238500.0,196.7,creator_median_reported_by_provider,,UNKNOWN,/Users/farricecain/.codex/worktrees/35aa/Google Antigravity/_active/clients/jen-listings/04-deliverables/social-content/2026-09-06-vidiq-production-run/evidence/exp-story-relatable.json
tt:7669122524059356430,sarahgraysun,TikTok,https://www.tiktok.com/@sarahgraysun/video/7669122524059356430,P5: Seeing through the listing,CRAFT_ONLY,SEARCH_ONLY,1600000.0,78.8,creator_median_reported_by_provider,,UNKNOWN,/Users/farricecain/.codex/worktrees/35aa/Google Antigravity/_active/clients/jen-listings/04-deliverables/social-content/2026-09-06-vidiq-production-run/evidence/exp-story-relatable.json
tt:7657739154209492254,sunshine30504,TikTok,https://www.tiktok.com/@sunshine30504/video/7657739154209492254,CRAFT: Adjacent or unrelated,CRAFT_ONLY,SEARCH_ONLY,278500.0,64.3,creator_median_reported_by_provider,,UNKNOWN,/Users/farricecain/.codex/worktrees/35aa/Google Antigravity/_active/clients/jen-listings/04-deliverables/social-content/2026-09-06-vidiq-production-run/evidence/exp-story-relatable.json
tt:7665061644132814094,courtneplusthree,TikTok,https://www.tiktok.com/@courtneplusthree/video/7665061644132814094,CRAFT: Adjacent or unrelated,CRAFT_ONLY,SEARCH_ONLY,488200.0,27.7,creator_median_reported_by_provider,,UNKNOWN,/Users/farricecain/.codex/worktrees/35aa/Google Antigravity/_active/clients/jen-listings/04-deliverables/social-content/2026-09-06-vidiq-production-run/evidence/exp-story-relatable.json
ig:DczXXQRzHmt,stephanieeoliverarealtor,Instagram,https://www.instagram.com/reel/DczXXQRzHmt/,P3: Someone on your side,COMPARATOR_REVIEW,PROFILE_ONLY,1598,,,2026-09-02,UNKNOWN,/Users/farricecain/.codex/worktrees/35aa/Google Antigravity/_active/clients/jen-listings/04-deliverables/social-content/2026-09-06-vidiq-production-run/evidence/exp-stephanieeoliverarealtor-profile.json
ig:DccOyOUPmTy,stephanieeoliverarealtor,Instagram,https://www.instagram.com/reel/DccOyOUPmTy/,P5: Seeing through the listing,COMPARATOR_REVIEW,PROFILE_ONLY,2964,,,2026-08-24,UNKNOWN,/Users/farricecain/.codex/worktrees/35aa/Google Antigravity/_active/clients/jen-listings/04-deliverables/social-content/2026-09-06-vidiq-production-run/evidence/exp-stephanieeoliverarealtor-profile.json
ig:DcR-i_FTwnq,stephanieeoliverarealtor,Instagram,https://www.instagram.com/reel/DcR-i_FTwnq/,P4: Life around the home,COMPARATOR_REVIEW,PROFILE_ONLY,7283,,,2026-08-20,UNKNOWN,/Users/farricecain/.codex/worktrees/35aa/Google Antigravity/_active/clients/jen-listings/04-deliverables/social-content/2026-09-06-vidiq-production-run/evidence/exp-stephanieeoliverarealtor-profile.json
ig:DcMSK-wTClu,stephanieeoliverarealtor,Instagram,https://www.instagram.com/reel/DcMSK-wTClu/,CRAFT: Adjacent or unrelated,COMPARATOR_REVIEW,PROFILE_ONLY,19556,,,2026-08-18,UNKNOWN,/Users/farricecain/.codex/worktrees/35aa/Google Antigravity/_active/clients/jen-listings/04-deliverables/social-content/2026-09-06-vidiq-production-run/evidence/exp-stephanieeoliverarealtor-profile.json
ig:DcKFqU5BOqS,stephanieeoliverarealtor,Instagram,https://www.instagram.com/reel/DcKFqU5BOqS/,CRAFT: Adjacent or unrelated,COMPARATOR_REVIEW,PROFILE_ONLY,2072,,,2026-08-17,UNKNOWN,/Users/farricecain/.codex/worktrees/35aa/Google Antigravity/_active/clients/jen-listings/04-deliverables/social-content/2026-09-06-vidiq-production-run/evidence/exp-stephanieeoliverarealtor-profile.json
ig:DcEZvcyThqg,stephanieeoliverarealtor,Instagram,https://www.instagram.com/reel/DcEZvcyThqg/,P5: Seeing through the listing,COMPARATOR_REVIEW,PROFILE_ONLY,1756,,,2026-08-15,UNKNOWN,/Users/farricecain/.codex/worktrees/35aa/Google Antigravity/_active/clients/jen-listings/04-deliverables/social-content/2026-09-06-vidiq-production-run/evidence/exp-stephanieeoliverarealtor-profile.json
ig:DcCr0Gmz-J_,stephanieeoliverarealtor,Instagram,https://www.instagram.com/reel/DcCr0Gmz-J_/,P5: Seeing through the listing,COMPARATOR_REVIEW,PROFILE_ONLY,2398,,,2026-08-15,UNKNOWN,/Users/farricecain/.codex/worktrees/35aa/Google Antigravity/_active/clients/jen-listings/04-deliverables/social-content/2026-09-06-vidiq-production-run/evidence/exp-stephanieeoliverarealtor-profile.json
ig:Db9IG45yyye,stephanieeoliverarealtor,Instagram,https://www.instagram.com/reel/Db9IG45yyye/,P4: Life around the home,COMPARATOR_REVIEW,PROFILE_ONLY,3271,,,2026-08-12,UNKNOWN,/Users/farricecain/.codex/worktrees/35aa/Google Antigravity/_active/clients/jen-listings/04-deliverables/social-content/2026-09-06-vidiq-production-run/evidence/exp-stephanieeoliverarealtor-profile.json
ig:Db6KXrfzu92,stephanieeoliverarealtor,Instagram,https://www.instagram.com/reel/Db6KXrfzu92/,CRAFT: Adjacent or unrelated,COMPARATOR_REVIEW,PROFILE_ONLY,18402,,,2026-08-11,UNKNOWN,/Users/farricecain/.codex/worktrees/35aa/Google Antigravity/_active/clients/jen-listings/04-deliverables/social-content/2026-09-06-vidiq-production-run/evidence/exp-stephanieeoliverarealtor-profile.json
ig:DbwAGMNvIam,stephanieeoliverarealtor,Instagram,https://www.instagram.com/reel/DbwAGMNvIam/,P5: Seeing through the listing,COMPARATOR_REVIEW,PROFILE_ONLY,96446,,,2026-08-07,UNKNOWN,/Users/farricecain/.codex/worktrees/35aa/Google Antigravity/_active/clients/jen-listings/04-deliverables/social-content/2026-09-06-vidiq-production-run/evidence/exp-stephanieeoliverarealtor-profile.json
ig:DbrVBo-vGuV,stephanieeoliverarealtor,Instagram,https://www.instagram.com/reel/DbrVBo-vGuV/,P3: Someone on your side,COMPARATOR_REVIEW,PROFILE_ONLY,3287,,,2026-08-05,UNKNOWN,/Users/farricecain/.codex/worktrees/35aa/Google Antigravity/_active/clients/jen-listings/04-deliverables/social-content/2026-09-06-vidiq-production-run/evidence/exp-stephanieeoliverarealtor-profile.json
ig:Dbb-gRZtkWJ,stephanieeoliverarealtor,Instagram,https://www.instagram.com/reel/Dbb-gRZtkWJ/,P5: Seeing through the listing,COMPARATOR_REVIEW,PROFILE_ONLY,4392,,,2026-07-31,UNKNOWN,/Users/farricecain/.codex/worktrees/35aa/Google Antigravity/_active/clients/jen-listings/04-deliverables/social-content/2026-09-06-vidiq-production-run/evidence/exp-stephanieeoliverarealtor-profile.json
ig:Dc6muj2t-5i,bri_thetxmlo,Instagram,https://www.instagram.com/reel/Dc6muj2t-5i/,P5: Seeing through the listing,COMPARATOR_REVIEW,PROFILE_ONLY,3768,,,2026-09-05,UNKNOWN,/Users/farricecain/.codex/worktrees/35aa/Google Antigravity/_active/clients/jen-listings/04-deliverables/social-content/2026-09-06-vidiq-production-run/evidence/04-bri-profile.json
ig:Dc2RLwqMAKF,bri_thetxmlo,Instagram,https://www.instagram.com/reel/Dc2RLwqMAKF/,CRAFT: Adjacent or unrelated,COMPARATOR_REVIEW,PROFILE_ONLY,315,,,2026-09-04,UNKNOWN,/Users/farricecain/.codex/worktrees/35aa/Google Antigravity/_active/clients/jen-listings/04-deliverables/social-content/2026-09-06-vidiq-production-run/evidence/04-bri-profile.json
ig:DcrQaT-tVyQ,bri_thetxmlo,Instagram,https://www.instagram.com/reel/DcrQaT-tVyQ/,P1: Money you can live with,COMPARATOR_REVIEW,VIDEO_ANALYSIS_REVIEWED,599035,,,2026-08-30,UNKNOWN,/Users/farricecain/.codex/worktrees/35aa/Google Antigravity/_active/clients/jen-listings/04-deliverables/social-content/2026-09-06-vidiq-production-run/evidence/04-bri-profile.json
ig:DcoZH06tPKn,bri_thetxmlo,Instagram,https://www.instagram.com/reel/DcoZH06tPKn/,P1: Money you can live with,COMPARATOR_REVIEW,PROFILE_ONLY,162,,,2026-08-29,UNKNOWN,/Users/farricecain/.codex/worktrees/35aa/Google Antigravity/_active/clients/jen-listings/04-deliverables/social-content/2026-09-06-vidiq-production-run/evidence/04-bri-profile.json
ig:Dclwztutbn-,bri_thetxmlo,Instagram,https://www.instagram.com/reel/Dclwztutbn-/,P1: Money you can live with,COMPARATOR_REVIEW,PROFILE_ONLY,2354,,,2026-08-28,UNKNOWN,/Users/farricecain/.codex/worktrees/35aa/Google Antigravity/_active/clients/jen-listings/04-deliverables/social-content/2026-09-06-vidiq-production-run/evidence/04-bri-profile.json
ig:DcjjSZnt2ID,bri_thetxmlo,Instagram,https://www.instagram.com/reel/DcjjSZnt2ID/,CRAFT: Adjacent or unrelated,COMPARATOR_REVIEW,PROFILE_ONLY,214,,,2026-08-27,UNKNOWN,/Users/farricecain/.codex/worktrees/35aa/Google Antigravity/_active/clients/jen-listings/04-deliverables/social-content/2026-09-06-vidiq-production-run/evidence/04-bri-profile.json
ig:DcjK6bkNmtb,bri_thetxmlo,Instagram,https://www.instagram.com/reel/DcjK6bkNmtb/,P5: Seeing through the listing,COMPARATOR_REVIEW,PROFILE_ONLY,4934,,,2026-08-27,UNKNOWN,/Users/farricecain/.codex/worktrees/35aa/Google Antigravity/_active/clients/jen-listings/04-deliverables/social-content/2026-09-06-vidiq-production-run/evidence/04-bri-profile.json
ig:Dch4AtcNy8l,bri_thetxmlo,Instagram,https://www.instagram.com/reel/Dch4AtcNy8l/,P5: Seeing through the listing,COMPARATOR_REVIEW,VIDEO_ANALYSIS_REVIEWED,17142,,,2026-08-27,UNKNOWN,/Users/farricecain/.codex/worktrees/35aa/Google Antigravity/_active/clients/jen-listings/04-deliverables/social-content/2026-09-06-vidiq-production-run/evidence/04-bri-profile.json
ig:Dcg0ihtN4X_,bri_thetxmlo,Instagram,https://www.instagram.com/reel/Dcg0ihtN4X_/,P5: Seeing through the listing,COMPARATOR_REVIEW,PROFILE_ONLY,517,,,2026-08-26,UNKNOWN,/Users/farricecain/.codex/worktrees/35aa/Google Antigravity/_active/clients/jen-listings/04-deliverables/social-content/2026-09-06-vidiq-production-run/evidence/04-bri-profile.json
ig:DcfBQOoMXde,bri_thetxmlo,Instagram,https://www.instagram.com/reel/DcfBQOoMXde/,CRAFT: Adjacent or unrelated,COMPARATOR_REVIEW,VIDEO_ANALYSIS_REVIEWED,114,,,2026-08-26,UNKNOWN,/Users/farricecain/.codex/worktrees/35aa/Google Antigravity/_active/clients/jen-listings/04-deliverables/social-content/2026-09-06-vidiq-production-run/evidence/04-bri-profile.json
ig:Dcbu2BdtCl9,bri_thetxmlo,Instagram,https://www.instagram.com/reel/Dcbu2BdtCl9/,CRAFT: Adjacent or unrelated,COMPARATOR_REVIEW,PROFILE_ONLY,208,,,2026-08-24,UNKNOWN,/Users/farricecain/.codex/worktrees/35aa/Google Antigravity/_active/clients/jen-listings/04-deliverables/social-content/2026-09-06-vidiq-production-run/evidence/04-bri-profile.json
ig:DcXNZPrNrRW,bri_thetxmlo,Instagram,https://www.instagram.com/reel/DcXNZPrNrRW/,CRAFT: Adjacent or unrelated,COMPARATOR_REVIEW,PROFILE_ONLY,92,,,2026-08-23,UNKNOWN,/Users/farricecain/.codex/worktrees/35aa/Google Antigravity/_active/clients/jen-listings/04-deliverables/social-content/2026-09-06-vidiq-production-run/evidence/04-bri-profile.json
ig:DcvpZvOx-pN,kolorbykota,Instagram,https://www.instagram.com/reel/DcvpZvOx-pN/,CRAFT: Adjacent or unrelated,COMPARATOR_REVIEW,PROFILE_ONLY,6370,,,2026-09-01,UNKNOWN,/Users/farricecain/.codex/worktrees/35aa/Google Antigravity/_active/clients/jen-listings/04-deliverables/social-content/2026-09-06-vidiq-production-run/evidence/09-kolor-profile.json
ig:DcvppO5xxT8,kolorbykota,Instagram,https://www.instagram.com/reel/DcvppO5xxT8/,CRAFT: Adjacent or unrelated,COMPARATOR_REVIEW,PROFILE_ONLY,1149,,,2026-09-01,UNKNOWN,/Users/farricecain/.codex/worktrees/35aa/Google Antigravity/_active/clients/jen-listings/04-deliverables/social-content/2026-09-06-vidiq-production-run/evidence/09-kolor-profile.json
ig:DcSI6z3MkWw,kolorbykota,Instagram,https://www.instagram.com/reel/DcSI6z3MkWw/,CRAFT: Adjacent or unrelated,COMPARATOR_REVIEW,PROFILE_ONLY,2406,,,2026-08-21,UNKNOWN,/Users/farricecain/.codex/worktrees/35aa/Google Antigravity/_active/clients/jen-listings/04-deliverables/social-content/2026-09-06-vidiq-production-run/evidence/09-kolor-profile.json
ig:DcLl2wtxlRb,kolorbykota,Instagram,https://www.instagram.com/reel/DcLl2wtxlRb/,CRAFT: Adjacent or unrelated,COMPARATOR_REVIEW,PROFILE_ONLY,50015,,,2026-08-18,UNKNOWN,/Users/farricecain/.codex/worktrees/35aa/Google Antigravity/_active/clients/jen-listings/04-deliverables/social-content/2026-09-06-vidiq-production-run/evidence/09-kolor-profile.json
ig:Db8RurQxQEO,kolorbykota,Instagram,https://www.instagram.com/reel/Db8RurQxQEO/,P2: What the home asks of you,COMPARATOR_REVIEW,PROFILE_ONLY,2604,,,2026-08-12,UNKNOWN,/Users/farricecain/.codex/worktrees/35aa/Google Antigravity/_active/clients/jen-listings/04-deliverables/social-content/2026-09-06-vidiq-production-run/evidence/09-kolor-profile.json
ig:DcH2LZSMbCu,kolorbykota,Instagram,https://www.instagram.com/reel/DcH2LZSMbCu/,CRAFT: Adjacent or unrelated,COMPARATOR_REVIEW,VIDEO_ANALYSIS_REVIEWED,72171,,,2026-08-17,UNKNOWN,/Users/farricecain/.codex/worktrees/35aa/Google Antigravity/_active/clients/jen-listings/04-deliverables/social-content/2026-09-06-vidiq-production-run/evidence/09-kolor-profile.json
ig:DcAA_1rM1vx,kolorbykota,Instagram,https://www.instagram.com/reel/DcAA_1rM1vx/,CRAFT: Adjacent or unrelated,COMPARATOR_REVIEW,VIDEO_ANALYSIS_REVIEWED,4424,,,2026-08-14,UNKNOWN,/Users/farricecain/.codex/worktrees/35aa/Google Antigravity/_active/clients/jen-listings/04-deliverables/social-content/2026-09-06-vidiq-production-run/evidence/09-kolor-profile.json
ig:Db8Rgv7Rx9J,kolorbykota,Instagram,https://www.instagram.com/reel/Db8Rgv7Rx9J/,CRAFT: Adjacent or unrelated,COMPARATOR_REVIEW,PROFILE_ONLY,1522,,,2026-08-12,UNKNOWN,/Users/farricecain/.codex/worktrees/35aa/Google Antigravity/_active/clients/jen-listings/04-deliverables/social-content/2026-09-06-vidiq-production-run/evidence/09-kolor-profile.json
ig:Db5zFgWRvKi,kolorbykota,Instagram,https://www.instagram.com/reel/Db5zFgWRvKi/,P2: What the home asks of you,COMPARATOR_REVIEW,PROFILE_ONLY,1259,,,2026-08-11,UNKNOWN,/Users/farricecain/.codex/worktrees/35aa/Google Antigravity/_active/clients/jen-listings/04-deliverables/social-content/2026-09-06-vidiq-production-run/evidence/09-kolor-profile.json
ig:Db1emugRF1z,kolorbykota,Instagram,https://www.instagram.com/reel/Db1emugRF1z/,CRAFT: Adjacent or unrelated,COMPARATOR_REVIEW,PROFILE_ONLY,2652,,,2026-08-09,UNKNOWN,/Users/farricecain/.codex/worktrees/35aa/Google Antigravity/_active/clients/jen-listings/04-deliverables/social-content/2026-09-06-vidiq-production-run/evidence/09-kolor-profile.json
ig:DbueT-Oxwzr,kolorbykota,Instagram,https://www.instagram.com/reel/DbueT-Oxwzr/,CRAFT: Adjacent or unrelated,COMPARATOR_REVIEW,PROFILE_ONLY,1941,,,2026-08-07,UNKNOWN,/Users/farricecain/.codex/worktrees/35aa/Google Antigravity/_active/clients/jen-listings/04-deliverables/social-content/2026-09-06-vidiq-production-run/evidence/09-kolor-profile.json
ig:Db2OiWmxPu5,kolorbykota,Instagram,https://www.instagram.com/reel/Db2OiWmxPu5/,CRAFT: Adjacent or unrelated,COMPARATOR_REVIEW,PROFILE_ONLY,1650,,,2026-08-10,UNKNOWN,/Users/farricecain/.codex/worktrees/35aa/Google Antigravity/_active/clients/jen-listings/04-deliverables/social-content/2026-09-06-vidiq-production-run/evidence/09-kolor-profile.json
ig:DbV1iu1xu10,carligerber,Instagram,https://www.instagram.com/reel/DbV1iu1xu10/,CRAFT: Adjacent or unrelated,COMPARATOR_REVIEW,PROFILE_ONLY,1083,,,2026-07-28,UNKNOWN,/Users/farricecain/.codex/worktrees/35aa/Google Antigravity/_active/clients/jen-listings/04-deliverables/social-content/2026-09-06-vidiq-production-run/evidence/exp-carligerber-profile.json
ig:DbUKtLQP1PU,carligerber,Instagram,https://www.instagram.com/reel/DbUKtLQP1PU/,P5: Seeing through the listing,COMPARATOR_REVIEW,PROFILE_ONLY,853,,,2026-07-27,UNKNOWN,/Users/farricecain/.codex/worktrees/35aa/Google Antigravity/_active/clients/jen-listings/04-deliverables/social-content/2026-09-06-vidiq-production-run/evidence/exp-carligerber-profile.json
ig:DbTo0qvx7of,carligerber,Instagram,https://www.instagram.com/reel/DbTo0qvx7of/,P2: What the home asks of you,COMPARATOR_REVIEW,PROFILE_ONLY,17870,,,2026-07-27,UNKNOWN,/Users/farricecain/.codex/worktrees/35aa/Google Antigravity/_active/clients/jen-listings/04-deliverables/social-content/2026-09-06-vidiq-production-run/evidence/exp-carligerber-profile.json
ig:DbQmQKLR-X3,carligerber,Instagram,https://www.instagram.com/reel/DbQmQKLR-X3/,P5: Seeing through the listing,COMPARATOR_REVIEW,PROFILE_ONLY,580,,,2026-07-26,UNKNOWN,/Users/farricecain/.codex/worktrees/35aa/Google Antigravity/_active/clients/jen-listings/04-deliverables/social-content/2026-09-06-vidiq-production-run/evidence/exp-carligerber-profile.json
ig:DaTi-j7ywbU,carligerber,Instagram,https://www.instagram.com/reel/DaTi-j7ywbU/,P5: Seeing through the listing,COMPARATOR_REVIEW,PROFILE_ONLY,42627,,,2026-07-02,UNKNOWN,/Users/farricecain/.codex/worktrees/35aa/Google Antigravity/_active/clients/jen-listings/04-deliverables/social-content/2026-09-06-vidiq-production-run/evidence/exp-carligerber-profile.json
ig:DZvh7acyQ70,carligerber,Instagram,https://www.instagram.com/reel/DZvh7acyQ70/,P5: Seeing through the listing,COMPARATOR_REVIEW,PROFILE_ONLY,116810,,,2026-06-18,UNKNOWN,/Users/farricecain/.codex/worktrees/35aa/Google Antigravity/_active/clients/jen-listings/04-deliverables/social-content/2026-09-06-vidiq-production-run/evidence/exp-carligerber-profile.json
ig:DZs_Gw4yMVI,carligerber,Instagram,https://www.instagram.com/reel/DZs_Gw4yMVI/,P3: Someone on your side,COMPARATOR_REVIEW,PROFILE_ONLY,1240,,,2026-06-17,UNKNOWN,/Users/farricecain/.codex/worktrees/35aa/Google Antigravity/_active/clients/jen-listings/04-deliverables/social-content/2026-09-06-vidiq-production-run/evidence/exp-carligerber-profile.json
ig:DZn2a2XyO1y,carligerber,Instagram,https://www.instagram.com/reel/DZn2a2XyO1y/,P5: Seeing through the listing,COMPARATOR_REVIEW,PROFILE_ONLY,1053,,,2026-06-15,UNKNOWN,/Users/farricecain/.codex/worktrees/35aa/Google Antigravity/_active/clients/jen-listings/04-deliverables/social-content/2026-09-06-vidiq-production-run/evidence/exp-carligerber-profile.json
ig:DZh9IrPRNXn,carligerber,Instagram,https://www.instagram.com/reel/DZh9IrPRNXn/,P3: Someone on your side,COMPARATOR_REVIEW,PROFILE_ONLY,2481,,,2026-06-13,UNKNOWN,/Users/farricecain/.codex/worktrees/35aa/Google Antigravity/_active/clients/jen-listings/04-deliverables/social-content/2026-09-06-vidiq-production-run/evidence/exp-carligerber-profile.json
ig:DZgUgb_xcfv,carligerber,Instagram,https://www.instagram.com/reel/DZgUgb_xcfv/,P5: Seeing through the listing,COMPARATOR_REVIEW,PROFILE_ONLY,1118,,,2026-06-12,UNKNOWN,/Users/farricecain/.codex/worktrees/35aa/Google Antigravity/_active/clients/jen-listings/04-deliverables/social-content/2026-09-06-vidiq-production-run/evidence/exp-carligerber-profile.json
ig:DZfhyQ-RbGa,carligerber,Instagram,https://www.instagram.com/reel/DZfhyQ-RbGa/,CRAFT: Adjacent or unrelated,COMPARATOR_REVIEW,PROFILE_ONLY,6017,,,2026-06-12,UNKNOWN,/Users/farricecain/.codex/worktrees/35aa/Google Antigravity/_active/clients/jen-listings/04-deliverables/social-content/2026-09-06-vidiq-production-run/evidence/exp-carligerber-profile.json
ig:ClralY1Lar8,g_stavotpg,Instagram,https://www.instagram.com/reel/ClralY1Lar8/,CRAFT: Adjacent or unrelated,COMPARATOR_REVIEW,PROFILE_ONLY,178974,,,2022-12-02,UNKNOWN,/Users/farricecain/.codex/worktrees/35aa/Google Antigravity/_active/clients/jen-listings/04-deliverables/social-content/2026-09-06-vidiq-production-run/evidence/08-gstavo-profile.json
ig:Dc9BohKuJhD,g_stavotpg,Instagram,https://www.instagram.com/reel/Dc9BohKuJhD/,CRAFT: Adjacent or unrelated,COMPARATOR_REVIEW,PROFILE_ONLY,3674,,,2026-09-06,UNKNOWN,/Users/farricecain/.codex/worktrees/35aa/Google Antigravity/_active/clients/jen-listings/04-deliverables/social-content/2026-09-06-vidiq-production-run/evidence/08-gstavo-profile.json
ig:Dc86sCXuSYP,g_stavotpg,Instagram,https://www.instagram.com/reel/Dc86sCXuSYP/,CRAFT: Adjacent or unrelated,COMPARATOR_REVIEW,PROFILE_ONLY,165,,,2026-09-06,UNKNOWN,/Users/farricecain/.codex/worktrees/35aa/Google Antigravity/_active/clients/jen-listings/04-deliverables/social-content/2026-09-06-vidiq-production-run/evidence/08-gstavo-profile.json
ig:Dc7ObE8vyIX,g_stavotpg,Instagram,https://www.instagram.com/reel/Dc7ObE8vyIX/,CRAFT: Adjacent or unrelated,COMPARATOR_REVIEW,PROFILE_ONLY,1455,,,2026-09-06,UNKNOWN,/Users/farricecain/.codex/worktrees/35aa/Google Antigravity/_active/clients/jen-listings/04-deliverables/social-content/2026-09-06-vidiq-production-run/evidence/08-gstavo-profile.json
ig:Dc6gHTEBVnT,g_stavotpg,Instagram,https://www.instagram.com/reel/Dc6gHTEBVnT/,CRAFT: Adjacent or unrelated,COMPARATOR_REVIEW,PROFILE_ONLY,117,,,2026-09-05,UNKNOWN,/Users/farricecain/.codex/worktrees/35aa/Google Antigravity/_active/clients/jen-listings/04-deliverables/social-content/2026-09-06-vidiq-production-run/evidence/08-gstavo-profile.json
ig:Dc4Lk3muzVX,g_stavotpg,Instagram,https://www.instagram.com/reel/Dc4Lk3muzVX/,CRAFT: Adjacent or unrelated,COMPARATOR_REVIEW,PROFILE_ONLY,1964,,,2026-09-04,UNKNOWN,/Users/farricecain/.codex/worktrees/35aa/Google Antigravity/_active/clients/jen-listings/04-deliverables/social-content/2026-09-06-vidiq-production-run/evidence/08-gstavo-profile.json
ig:Dc3xJZ7OeSL,g_stavotpg,Instagram,https://www.instagram.com/reel/Dc3xJZ7OeSL/,CRAFT: Adjacent or unrelated,COMPARATOR_REVIEW,PROFILE_ONLY,231,,,2026-09-04,UNKNOWN,/Users/farricecain/.codex/worktrees/35aa/Google Antigravity/_active/clients/jen-listings/04-deliverables/social-content/2026-09-06-vidiq-production-run/evidence/08-gstavo-profile.json
ig:Dc05VAGuP9-,g_stavotpg,Instagram,https://www.instagram.com/reel/Dc05VAGuP9-/,CRAFT: Adjacent or unrelated,COMPARATOR_REVIEW,PROFILE_ONLY,493,,,2026-09-03,UNKNOWN,/Users/farricecain/.codex/worktrees/35aa/Google Antigravity/_active/clients/jen-listings/04-deliverables/social-content/2026-09-06-vidiq-production-run/evidence/08-gstavo-profile.json
ig:DcyX-NuONhN,g_stavotpg,Instagram,https://www.instagram.com/reel/DcyX-NuONhN/,CRAFT: Adjacent or unrelated,COMPARATOR_REVIEW,PROFILE_ONLY,1219,,,2026-09-02,UNKNOWN,/Users/farricecain/.codex/worktrees/35aa/Google Antigravity/_active/clients/jen-listings/04-deliverables/social-content/2026-09-06-vidiq-production-run/evidence/08-gstavo-profile.json
ig:Dcv7XdWON4q,g_stavotpg,Instagram,https://www.instagram.com/reel/Dcv7XdWON4q/,CRAFT: Adjacent or unrelated,COMPARATOR_REVIEW,PROFILE_ONLY,373,,,2026-09-01,UNKNOWN,/Users/farricecain/.codex/worktrees/35aa/Google Antigravity/_active/clients/jen-listings/04-deliverables/social-content/2026-09-06-vidiq-production-run/evidence/08-gstavo-profile.json
ig:DcrtJfhPWPC,g_stavotpg,Instagram,https://www.instagram.com/reel/DcrtJfhPWPC/,CRAFT: Adjacent or unrelated,COMPARATOR_REVIEW,PROFILE_ONLY,307,,,2026-08-30,UNKNOWN,/Users/farricecain/.codex/worktrees/35aa/Google Antigravity/_active/clients/jen-listings/04-deliverables/social-content/2026-09-06-vidiq-production-run/evidence/08-gstavo-profile.json
ig:Dclt-wlOsAn,g_stavotpg,Instagram,https://www.instagram.com/reel/Dclt-wlOsAn/,CRAFT: Adjacent or unrelated,COMPARATOR_REVIEW,PROFILE_ONLY,2525,,,2026-08-28,UNKNOWN,/Users/farricecain/.codex/worktrees/35aa/Google Antigravity/_active/clients/jen-listings/04-deliverables/social-content/2026-09-06-vidiq-production-run/evidence/08-gstavo-profile.json
ig:DXvD46NAj9d,_jiing,Instagram,https://www.instagram.com/reel/DXvD46NAj9d/,CRAFT: Adjacent or unrelated,OWNED_VOICE,PROFILE_ONLY,17034,,,2026-04-30,UNKNOWN,/Users/farricecain/.codex/worktrees/35aa/Google Antigravity/_active/clients/jen-listings/04-deliverables/social-content/2026-09-06-vidiq-production-run/evidence/inherited/05-jen-reels-success.json
ig:DUqjgEED5Kd,_jiing,Instagram,https://www.instagram.com/reel/DUqjgEED5Kd/,CRAFT: Adjacent or unrelated,OWNED_VOICE,PROFILE_ONLY,5286,,,2026-02-12,UNKNOWN,/Users/farricecain/.codex/worktrees/35aa/Google Antigravity/_active/clients/jen-listings/04-deliverables/social-content/2026-09-06-vidiq-production-run/evidence/inherited/05-jen-reels-success.json
ig:Ch2aPlypj0h,_jiing,Instagram,https://www.instagram.com/reel/Ch2aPlypj0h/,CRAFT: Adjacent or unrelated,OWNED_VOICE,PROFILE_ONLY,8478,,,2022-08-29,UNKNOWN,/Users/farricecain/.codex/worktrees/35aa/Google Antigravity/_active/clients/jen-listings/04-deliverables/social-content/2026-09-06-vidiq-production-run/evidence/inherited/05-jen-reels-success.json
ig:Dc9WqFrS8RU,_jiing,Instagram,https://www.instagram.com/reel/Dc9WqFrS8RU/,CRAFT: Adjacent or unrelated,OWNED_VOICE,PROFILE_ONLY,452,,,2026-09-06,UNKNOWN,/Users/farricecain/.codex/worktrees/35aa/Google Antigravity/_active/clients/jen-listings/04-deliverables/social-content/2026-09-06-vidiq-production-run/evidence/inherited/05-jen-reels-success.json
ig:Dcei8M2oZqg,_jiing,Instagram,https://www.instagram.com/reel/Dcei8M2oZqg/,P5: Seeing through the listing,OWNED_VOICE,PROFILE_ONLY,1948,,,2026-08-25,UNKNOWN,/Users/farricecain/.codex/worktrees/35aa/Google Antigravity/_active/clients/jen-listings/04-deliverables/social-content/2026-09-06-vidiq-production-run/evidence/inherited/05-jen-reels-success.json
ig:DcPQmjohGox,_jiing,Instagram,https://www.instagram.com/reel/DcPQmjohGox/,CRAFT: Adjacent or unrelated,OWNED_VOICE,PROFILE_ONLY,3136,,,2026-08-19,UNKNOWN,/Users/farricecain/.codex/worktrees/35aa/Google Antigravity/_active/clients/jen-listings/04-deliverables/social-content/2026-09-06-vidiq-production-run/evidence/inherited/05-jen-reels-success.json
ig:DcCGjzOAK6H,_jiing,Instagram,https://www.instagram.com/reel/DcCGjzOAK6H/,CRAFT: Adjacent or unrelated,OWNED_VOICE,PROFILE_ONLY,2668,,,2026-08-14,UNKNOWN,/Users/farricecain/.codex/worktrees/35aa/Google Antigravity/_active/clients/jen-listings/04-deliverables/social-content/2026-09-06-vidiq-production-run/evidence/inherited/05-jen-reels-success.json
ig:Db33yOnS6ig,_jiing,Instagram,https://www.instagram.com/reel/Db33yOnS6ig/,P1: Money you can live with,OWNED_VOICE,VIDEO_ANALYSIS_REVIEWED,1681,,,2026-08-10,UNKNOWN,/Users/farricecain/.codex/worktrees/35aa/Google Antigravity/_active/clients/jen-listings/04-deliverables/social-content/2026-09-06-vidiq-production-run/evidence/inherited/05-jen-reels-success.json
ig:DbbyqA1hxJh,_jiing,Instagram,https://www.instagram.com/reel/DbbyqA1hxJh/,P5: Seeing through the listing,OWNED_VOICE,PROFILE_ONLY,1620,,,2026-07-30,UNKNOWN,/Users/farricecain/.codex/worktrees/35aa/Google Antigravity/_active/clients/jen-listings/04-deliverables/social-content/2026-09-06-vidiq-production-run/evidence/inherited/05-jen-reels-success.json
ig:DbEo59HMjuH,_jiing,Instagram,https://www.instagram.com/reel/DbEo59HMjuH/,P1: Money you can live with,OWNED_VOICE,VIDEO_ANALYSIS_REVIEWED,4048,,,2026-07-21,UNKNOWN,/Users/farricecain/.codex/worktrees/35aa/Google Antigravity/_active/clients/jen-listings/04-deliverables/social-content/2026-09-06-vidiq-production-run/evidence/inherited/05-jen-reels-success.json
ig:DZ8EYznv1OS,_jiing,Instagram,https://www.instagram.com/reel/DZ8EYznv1OS/,CRAFT: Adjacent or unrelated,OWNED_VOICE,PROFILE_ONLY,2091,,,2026-06-23,UNKNOWN,/Users/farricecain/.codex/worktrees/35aa/Google Antigravity/_active/clients/jen-listings/04-deliverables/social-content/2026-09-06-vidiq-production-run/evidence/inherited/05-jen-reels-success.json
ig:DZ1AoX3gNTn,_jiing,Instagram,https://www.instagram.com/reel/DZ1AoX3gNTn/,P5: Seeing through the listing,OWNED_VOICE,PROFILE_ONLY,2584,,,2026-06-21,UNKNOWN,/Users/farricecain/.codex/worktrees/35aa/Google Antigravity/_active/clients/jen-listings/04-deliverables/social-content/2026-09-06-vidiq-production-run/evidence/inherited/05-jen-reels-success.json
yt:Xqm3OPR_2Vw,Jon Schwartz,YouTube,https://www.youtube.com/watch?v=Xqm3OPR_2Vw,P5: Seeing through the listing,BUYER_LANGUAGE,COMMENTS_COLLECTED,125553,229.9,,2025-03-25,UNKNOWN,/Users/farricecain/.codex/worktrees/35aa/Google Antigravity/_active/clients/jen-listings/04-deliverables/social-content/2026-09-06-vidiq-production-run/evidence/11-youtube-selected.json
yt:o6v__5PyxRo,Bran the Mortgage Man,YouTube,https://www.youtube.com/watch?v=o6v__5PyxRo,P1: Money you can live with,BUYER_LANGUAGE,COMMENTS_COLLECTED,44438,36.15,,2025-04-09,UNKNOWN,/Users/farricecain/.codex/worktrees/35aa/Google Antigravity/_active/clients/jen-listings/04-deliverables/social-content/2026-09-06-vidiq-production-run/evidence/11-youtube-selected.json
yt:HbuxokeenX4,Real Estate Unlocked,YouTube,https://www.youtube.com/watch?v=HbuxokeenX4,P1: Money you can live with,BUYER_LANGUAGE,COMMENTS_COLLECTED,54246,126.25,,2025-01-23,UNKNOWN,/Users/farricecain/.codex/worktrees/35aa/Google Antigravity/_active/clients/jen-listings/04-deliverables/social-content/2026-09-06-vidiq-production-run/evidence/11-youtube-selected.json
ig:DaTREfOhA3C,rachaelnovak,instagram,https://www.instagram.com/reel/DaTREfOhA3C/,P2: What the home asks of you,TOPIC_REVIEW,SAVED_VIDEO_ANALYSIS_READ,1800000,71.2,creator_median_multiple_reported; exact denominator unavailable,,UNKNOWN,/Users/farricecain/.codex/worktrees/35aa/Google Antigravity/_active/clients/jen-listings/04-deliverables/social-content/2026-09-06-vidiq-production-run/faithful-rebuild/reel-format-lab/evidence/broll-rachael.json
ig:DaF9sXJAY6p,natesoetaert.realestate,instagram,https://www.instagram.com/reel/DaF9sXJAY6p/,P2: What the home asks of you,TOPIC_REVIEW,SAVED_VIDEO_ANALYSIS_READ,1800000,20.2,creator_median_multiple_reported; exact denominator unavailable,,UNKNOWN,/Users/farricecain/.codex/worktrees/35aa/Google Antigravity/_active/clients/jen-listings/04-deliverables/social-content/2026-09-06-vidiq-production-run/faithful-rebuild/reel-format-lab/evidence/broll-nate.json
tt:7663981949198929183,logan_the_lender,tiktok,https://www.tiktok.com/@logan_the_lender/video/7663981949198929183,P3: Someone on your side,TOPIC_REVIEW,SAVED_VIDEO_ANALYSIS_READ,95700,110.4,creator_median_multiple_reported; exact denominator unavailable,,UNKNOWN,/Users/farricecain/.codex/worktrees/35aa/Google Antigravity/_active/clients/jen-listings/04-deliverables/social-content/2026-09-06-vidiq-production-run/faithful-rebuild/reel-format-lab/evidence/yap-logan.json
ig:DbIuZQ_oeCb,tripsmortgagetips,instagram,https://www.instagram.com/reel/DbIuZQ_oeCb/,P1: Money you can live with,TOPIC_REVIEW,SAVED_VIDEO_ANALYSIS_READ,88900,19.9,creator_median_multiple_reported; exact denominator unavailable,,UNKNOWN,/Users/farricecain/.codex/worktrees/35aa/Google Antigravity/_active/clients/jen-listings/04-deliverables/social-content/2026-09-06-vidiq-production-run/faithful-rebuild/reel-format-lab/evidence/yap-trips.json
ig:DckFie2A0KX,natesoetaert.realestate,Instagram,https://www.instagram.com/reel/DckFie2A0KX/,P2: What the home asks of you,COMPARATOR_REVIEW,SAVED_COMPARATOR_ANALYSIS,85143,,,2026-08-28,UNKNOWN,/Users/farricecain/.codex/worktrees/35aa/Google Antigravity/_active/clients/jen-listings/04-deliverables/social-content/2026-09-06-vidiq-production-run/faithful-rebuild/reel-format-lab/BENCHMARKS.json
ig:DcmeWC-POkw,natesoetaert.realestate,Instagram,https://www.instagram.com/reel/DcmeWC-POkw/,P2: What the home asks of you,COMPARATOR_REVIEW,SAVED_COMPARATOR_ANALYSIS,2169,,,2026-08-28,UNKNOWN,/Users/farricecain/.codex/worktrees/35aa/Google Antigravity/_active/clients/jen-listings/04-deliverables/social-content/2026-09-06-vidiq-production-run/faithful-rebuild/reel-format-lab/BENCHMARKS.json
ig:DcyMJKJohSq,tripsmortgagetips,Instagram,https://www.instagram.com/reel/DcyMJKJohSq/,P1: Money you can live with,COMPARATOR_REVIEW,SAVED_COMPARATOR_ANALYSIS,12186,,,2026-09-02,UNKNOWN,/Users/farricecain/.codex/worktrees/35aa/Google Antigravity/_active/clients/jen-listings/04-deliverables/social-content/2026-09-06-vidiq-production-run/faithful-rebuild/reel-format-lab/BENCHMARKS.json
ig:DciwVxDIhne,tripsmortgagetips,Instagram,https://www.instagram.com/reel/DciwVxDIhne/,P1: Money you can live with,COMPARATOR_REVIEW,SAVED_COMPARATOR_ANALYSIS,3594,,,2026-08-27,UNKNOWN,/Users/farricecain/.codex/worktrees/35aa/Google Antigravity/_active/clients/jen-listings/04-deliverables/social-content/2026-09-06-vidiq-production-run/faithful-rebuild/reel-format-lab/BENCHMARKS.json
ig:DC7A7aWv9Nl,terra.wrightknudsen,Instagram,https://www.instagram.com/reel/DC7A7aWv9Nl/,P4: Life around the home,CRAFT_ONLY,SAVED_FULL_CAPTION_READING_NOTE,556869,,,2024-11-28,UNKNOWN,/Users/farricecain/.codex/worktrees/35aa/Google Antigravity/_active/clients/jen-listings/04-deliverables/social-content/2026-09-06-vidiq-production-run/faithful-rebuild/reel-format-lab/broll-resonance-pass/evidence/full-caption-reading-notes.json
ig:Dadpa0OhHAU,iamstacierihl,Instagram,https://www.instagram.com/reel/Dadpa0OhHAU/,P1: Money you can live with,CRAFT_ONLY,SAVED_FULL_CAPTION_READING_NOTE,506500,18.4,,,UNKNOWN,/Users/farricecain/.codex/worktrees/35aa/Google Antigravity/_active/clients/jen-listings/04-deliverables/social-content/2026-09-06-vidiq-production-run/faithful-rebuild/reel-format-lab/broll-resonance-pass/evidence/full-caption-reading-notes.json
ig:DcwRrZ6NZJI,karime215,Instagram,https://www.instagram.com/reel/DcwRrZ6NZJI/,P3: Someone on your side,TOPIC_REVIEW,SAVED_FULL_CAPTION_READING_NOTE,39547,,,2026-09-01,UNKNOWN,/Users/farricecain/.codex/worktrees/35aa/Google Antigravity/_active/clients/jen-listings/04-deliverables/social-content/2026-09-06-vidiq-production-run/faithful-rebuild/reel-format-lab/broll-resonance-pass/evidence/full-caption-reading-notes.json
